Tijelo,1-5,6-10,11-15,16-20,21-40,41-60,61+,Median,Broj neodgovorenih,Najstariji neodgovoreni
Agencija Alan,1,0,0,0,0,0,0,4,,
"Agencija za istraživanje nesreća u zračnom, pomorskom i željezničkom prometu",0,0,1,0,0,0,0,13,,
Agencija za javno-privatno partnerstvo,0,1,0,0,0,0,0,10,,
Agencija za kvalitetu i akreditaciju u zdravstvu i socijalnoj skrbi,2,0,0,0,0,0,0,2,,
Agencija za lijekove i medicinske proizvode,0,0,0,0,0,0,1,134,,
Agencija za ozakonjenje nezakonito izgrađenih zgrada,0,0,0,0,0,1,0,47,,
"Agencija za plaćanja u poljoprivredi, ribarstvu i ruralnom razvoju",2,0,0,0,0,0,0,1,,
Agencija za poljoprivredno zemljište,0,0,0,0,0,0,1,78,,
Agencija za ugljikovodike,0,0,1,0,0,0,0,12,,
Agencija za zaštitu tržišnog natjecanja,0,0,1,0,0,0,0,12,,
Argyruntum,1,0,0,0,0,0,0,3,,
Bicro biocentar,0,1,0,0,0,0,0,8,,
Bjelovarsko-bilogorska županija,1,0,0,0,0,0,0,5,,
"Bolnica za ortopediju i rehabilitaciju Prim.dr.Martin Horvat, Rovinj",0,1,0,0,0,0,0,9,,
Brodsko-posavska županija,0,1,0,0,0,0,0,10,,
"Buža, Medulin",1,0,0,0,0,0,0,1,,
Centar za profesionalnu rehabilitaciju Osijek,0,0,0,0,0,0,0,,1,90 dana
Centar za profesionalnu rehabilitaciju Zagreb,0,1,0,0,0,0,0,9,,
Centar za socijalnu skrb Beli Manastir,0,1,0,0,0,0,0,7,,
Centar za socijalnu skrb Benkovac,0,0,0,0,0,0,0,,1,113 dana
Centar za socijalnu skrb Biograd na moru,0,0,1,0,0,0,0,11,,
Centar za socijalnu skrb Bjelovar,0,0,0,0,1,0,0,31,,
Centar za socijalnu skrb Brač - Supetar,0,1,0,0,0,0,0,8,,
Centar za socijalnu skrb Buje,0,0,0,0,1,0,0,31,,
"Centar za socijalnu skrb Cres-Lošinj, Mali Lošinj",0,0,0,0,0,0,0,,1,113 dana
Centar za socijalnu skrb Crikvenica,0,1,0,0,0,0,0,7,,
Centar za socijalnu skrb Daruvar,0,1,0,0,0,0,0,8,,
Centar za socijalnu skrb Donja Stubica,0,0,0,0,0,1,0,54,,
Centar za socijalnu skrb Donji Miholjac,0,0,0,0,1,0,0,31,,
Centar za socijalnu skrb Drniš,0,0,0,0,0,0,0,,1,113 dana
Centar za socijalnu skrb Dubrovnik,0,0,0,0,0,0,0,,1,113 dana
Centar za socijalnu skrb Duga Resa,0,0,0,0,0,1,0,58,,
Centar za socijalnu skrb Dugo Selo,0,0,0,0,1,0,0,34,,
Centar za socijalnu skrb Garešnica,0,0,0,0,0,0,0,,1,113 dana
Centar za socijalnu skrb Glina,0,0,0,0,1,0,0,31,,
Centar za socijalnu skrb Gospić,0,0,0,0,0,0,0,,1,113 dana
Centar za socijalnu skrb Hrvatska Kostajnica,0,1,0,0,0,0,0,7,,
Centar za socijalnu skrb Imotski,0,1,0,0,0,0,0,6,,
Centar za socijalnu skrb Ivanec,0,0,0,0,0,1,0,44,,
Centar za socijalnu skrb Ivanić Grad,0,0,0,0,0,0,0,,1,113 dana
Centar za socijalnu skrb Jastrebarsko,0,0,0,0,0,0,0,,1,113 dana
Centar za socijalnu skrb Karlovac,0,0,0,0,0,1,0,60,1,81 dana
Centar za socijalnu skrb Knin,0,0,0,0,0,0,0,,1,113 dana
Centar za socijalnu skrb Koprivnica,0,1,0,0,0,0,0,8,,
Centar za socijalnu skrb Korčula,0,0,0,0,0,0,0,,1,113 dana
Centar za socijalnu skrb Krapina,1,0,0,0,0,0,0,5,,
Centar za socijalnu skrb Križevci,0,0,0,0,0,0,0,,1,113 dana
Centar za socijalnu skrb Krk,0,1,0,0,0,0,0,6,,
Centar za socijalnu skrb Kutina,0,0,1,0,0,0,0,15,,
Centar za socijalnu skrb Labin,0,0,0,0,0,0,0,,1,113 dana
Centar za socijalnu skrb Ludbreg,0,1,0,0,0,0,0,6,,
Centar za socijalnu skrb Makarska,0,0,0,0,1,0,0,23,,
Centar za socijalnu skrb Metković,0,0,0,0,1,0,0,31,,
Centar za socijalnu skrb Našice,0,0,0,1,0,0,0,17,,
Centar za socijalnu skrb Nova Gradiška,0,0,0,0,0,0,0,,1,113 dana
Centar za socijalnu skrb Novi Marof,0,0,1,0,0,0,0,13,,
Centar za socijalnu skrb Novska,0,0,1,0,0,0,0,11,,
Centar za socijalnu skrb Ogulin,0,0,0,0,0,0,0,,1,113 dana
Centar za socijalnu skrb Omiš,1,0,0,0,0,0,0,4,,
Centar za socijalnu skrb Opatija,0,0,0,0,1,0,0,35,,
Centar za socijalnu skrb Osijek,0,0,0,0,0,0,0,,1,113 dana
Centar za socijalnu skrb Pakrac,1,0,0,0,0,0,0,4,,
Centar za socijalnu skrb Pazin,0,1,0,0,0,0,0,6,,
Centar za socijalnu skrb Petrinja,0,0,0,0,0,0,0,,1,113 dana
Centar za socijalnu skrb Ploče,0,0,0,0,1,0,0,29,,
Centar za socijalnu skrb Poreč - Parenzo,0,0,1,0,0,0,0,14,,
Centar za socijalnu skrb Požega,0,0,0,0,0,0,0,,1,113 dana
Centar za socijalnu skrb Pula,0,0,0,0,0,1,0,49,,
Centar za socijalnu skrb Rijeka,0,0,1,0,0,0,0,14,,
Centar za socijalnu skrb Rovinj,0,0,0,0,0,0,0,,1,113 dana
Centar za socijalnu skrb Samobor,1,0,0,0,0,0,0,3,,
Centar za socijalnu skrb Senj,0,0,0,0,0,0,0,,1,113 dana
Centar za socijalnu skrb Sinj,0,0,0,0,0,0,0,,1,113 dana
Centar za socijalnu skrb Sisak,0,0,1,0,0,0,0,11,,
Centar za socijalnu skrb Slatina,0,1,0,0,0,0,0,7,,
Centar za socijalnu skrb Slavonski Brod,1,0,0,0,0,0,0,5,,
Centar za socijalnu skrb Slunj,1,0,0,0,0,0,0,4,,
Centar za socijalnu skrb Split,0,1,0,0,0,0,0,6,,
Centar za socijalnu skrb Sv. Ivan Zelina,0,0,0,0,0,0,0,,1,113 dana
Centar za socijalnu skrb Trogir,0,1,0,0,0,0,0,7,,
Centar za socijalnu skrb Valpovo,0,0,0,0,1,0,0,22,,
Centar za socijalnu skrb Varaždin,0,0,0,0,1,0,0,29,,
Centar za socijalnu skrb Velika Gorica,0,0,0,0,1,0,0,29,,
Centar za socijalnu skrb Vinkovci,0,0,1,0,0,0,0,11,,
Centar za socijalnu skrb Virovitica,0,1,0,0,0,0,0,6,,
Centar za socijalnu skrb Vrbovec,0,0,0,0,0,0,0,,1,113 dana
Centar za socijalnu skrb Vukovar,0,0,1,0,0,0,0,13,,
Centar za socijalnu skrb Zabok,1,0,0,0,0,0,0,5,,
Centar za socijalnu skrb Zadar,0,0,0,0,0,0,0,,1,113 dana
Centar za socijalnu skrb Zagreb,0,0,0,0,0,0,0,,1,113 dana
Centar za socijalnu skrb Zaprešić,0,1,0,0,0,0,0,7,,
Centar za socijalnu skrb Zlatar Bistrica,0,0,0,0,0,1,0,53,,
Centar za socijalnu skrb Čakovec,0,0,0,1,0,0,0,18,,
Centar za socijalnu skrb Čazma,1,0,0,0,0,0,0,3,,
Centar za socijalnu skrb Đakovo,0,0,1,0,0,0,0,11,,
Centar za socijalnu skrb Đurđevac,0,0,0,0,0,1,0,57,,
Centar za socijalnu skrb Šibenik,0,1,0,0,0,0,0,6,,
Centar za socijalnu skrb Županja,0,0,0,0,1,0,0,33,,
Centar za vozila Hrvatske,1,0,0,0,0,0,0,3,,
Croatia Airlines,0,1,0,0,0,0,0,6,,
Dječja bolnica Srebrnjak,1,0,1,0,0,0,0,7.5,,
Dom učenika srednjih škola 'Antun Gustav Matoš',0,1,0,0,0,0,0,6,,
Dom za starije i nemoćne osobe i tjelesno ili mentalno oštećene osobe - Metković,0,0,1,0,0,0,0,15,,
Druga ekonomska škola,0,0,0,0,0,0,0,,1,73 dana
Druga gimnazija Varaždin,0,0,0,0,0,0,0,,1,35 dana
Druga srednja škola Beli Manastir,0,0,0,0,0,0,0,,1,73 dana
Drvodjeljska škola Zagreb,0,0,0,0,0,0,0,,1,73 dana
Drvodjelska tehnička škola,0,0,0,0,0,0,0,,1,73 dana
Državna škola za javnu upravu,0,1,0,0,0,0,0,10,,
Državni ured za reviziju,1,0,0,0,0,0,0,1,,
Državni zavod za statistiku,2,0,0,0,0,0,0,5,,
Državno izborno povjerenstvo,0,0,0,0,0,0,0,,1,4 dana
Dubrovačka privatna gimnazija,0,0,0,0,0,0,0,,1,35 dana
Dubrovačko-neretvanska županija,0,1,0,0,0,0,0,6,,
Edward Bernays Visoka škola za komunikacijski menadžment,0,0,0,0,1,0,0,24,,
Ekonomska i birotehnička škola Bjelovar,0,0,0,1,0,0,0,16,,
Ekonomska i trgovačka škola Ivana Domca,1,0,0,0,0,0,0,3,,
"Ekonomska i trgovačka škola, Dubrovnik",0,0,0,0,0,0,0,,1,73 dana
"Ekonomska i trgovačka škola, Čakovec",1,0,0,0,0,0,0,2,,
Ekonomska i turistička škola Daruvar,0,0,0,1,0,0,0,16,,
Ekonomska i upravna škola Osijek,0,1,0,0,0,0,0,7,,
Ekonomska škola Mije Mirkovića Rijeka,0,0,0,0,0,0,0,,1,73 dana
Ekonomska škola Sisak,1,0,0,0,0,0,0,2,,
Ekonomska škola Velika Gorica,0,0,0,0,0,0,0,,1,73 dana
Ekonomska škola Vukovar,1,0,0,0,0,0,0,5,,
Ekonomska škola Šibenik,0,0,1,0,0,0,0,12,,
"Ekonomska škola, Imotski",0,0,0,0,0,0,0,,1,73 dana
"Ekonomska škola, Požega",0,0,0,0,0,0,0,,1,73 dana
"Ekonomska, trgovačka i ugostiteljska škola",0,0,0,0,0,0,0,,1,73 dana
"Ekonomsko-birotehnička i trgovačka škola, Zadar",0,0,0,0,0,0,0,,1,73 dana
"Ekonomsko-birotehnička škola, Slavonski Brod",0,1,0,0,0,0,0,6,,
"Ekonomsko-birotehnička škola, Split",0,0,0,0,0,0,0,,1,73 dana
Elektroindustrijska i obrtnička škola Rijeka,0,0,0,0,0,0,0,,1,73 dana
Elektrostrojarska obrtnička škola,0,0,0,0,0,0,0,,1,73 dana
Elektrostrojarska škola,1,0,0,0,0,0,0,3,,
Elektrotehnička i ekonomska škola,0,0,0,1,0,0,0,16,,
Elektrotehnička i prometna škola Osijek,0,1,0,0,0,0,0,9,,
Elektrotehnička škola,1,0,0,0,0,0,0,5,,
Fond za naknadu oduzete imovine,0,1,0,0,0,0,0,9,,
Fond za zaštitu okoliša i energetsku učinkovitost,0,0,0,0,0,0,0,,1,50 dana
"Gaudeamus, prva privatna srednja škola u Osijeku, s pravom javnosti",0,0,0,0,0,0,0,,1,73 dana
Geodetska tehnička škola,0,1,0,0,0,0,0,10,,
"Gimnazija i ekonomska škola Benedikta Kotruljevića, s pravom javnosti",1,0,0,0,0,0,0,2,,
"Gimnazija i strukovna škola Jurja Dobrile, Pazin",0,0,0,0,0,0,0,,1,73 dana
Glazbena škola Alberta Štrige Križevci,0,1,0,0,0,0,0,8,,
"Glazbena škola Blagoje Bersa, Zadar",0,0,0,0,0,0,0,,1,73 dana
Glazbena škola Brune Bjelinskog,0,1,0,0,0,0,0,10,,
Glazbena škola Ferdo Livadić,1,0,0,0,0,0,0,3,,
Glazbena škola Franje Kuhača Osijek,1,0,0,0,0,0,0,2,,
Glazbena škola Ivana Lukačića,0,0,0,0,0,0,0,,1,73 dana
Glazbena škola Ivana Matetića Ronjgova Rijeka,0,1,0,0,0,0,0,7,,
Glazbena škola Ivana Matetića-Ronjgova Pula,1,0,0,0,0,0,0,3,,
Glazbena škola Jan Vlašimsky Virovitica,0,0,1,0,0,0,0,12,,
Glazbena škola Jastrebarsko,1,0,0,0,0,0,0,5,,
Glazbena škola Josipa Hatzea,1,0,0,0,0,0,0,2,,
Glazbena škola Karlovac,0,0,0,0,0,0,0,,1,73 dana
Glazbena škola Pavla Markovca,0,0,0,0,0,0,0,,1,73 dana
Glazbena škola Pregrada,0,0,1,0,0,0,0,15,,
Glazbena škola Vatroslava Lisinskog,0,0,0,0,0,0,0,,1,73 dana
Glazbena škola Vatroslava Lisinskog Bjelovar,0,0,0,0,0,0,0,,1,73 dana
Glazbena škola Zlatka Balokovića,0,0,0,0,0,0,0,,1,73 dana
Glazbena škola u Novskoj,0,1,0,0,0,0,0,9,,
Glazbena škola u Varaždinu,0,0,0,0,0,0,0,,1,73 dana
Gospodarska škola Varaždin,0,0,0,0,0,0,0,,1,73 dana
"Gospodarska škola, Buje",0,0,0,0,0,0,0,,1,73 dana
"Gospodarska škola, Čakovec",0,0,0,0,0,0,0,,1,73 dana
Grad Bakar,0,0,0,0,0,0,0,,1,144 dana
Grad Beli Manastir,0,0,0,0,0,0,0,,1,144 dana
Grad Belišće,0,1,0,0,0,0,0,8,,
Grad Benkovac,0,1,0,0,0,0,0,10,,
Grad Biograd na Moru,0,1,0,0,0,0,0,7,,
Grad Bjelovar,1,0,0,0,0,0,0,3,,
Grad Buje,0,1,0,0,0,0,0,7,,
Grad Buzet,0,0,0,0,1,0,0,22,,
Grad Cres,0,0,1,0,0,0,0,11,,
Grad Crikvenica,0,0,0,0,1,0,0,23,,
Grad Daruvar,0,1,0,0,0,0,0,7,,
Grad Delnice,0,1,0,0,0,0,0,6,,
Grad Donja Stubica,0,0,1,0,0,0,0,11,,
Grad Donji Miholjac,0,1,0,0,0,0,0,7,,
Grad Drniš,0,1,0,0,0,0,0,8,,
Grad Dubrovnik,0,0,1,0,0,0,0,11,,
Grad Duga Resa,0,1,0,0,0,0,0,10,,
Grad Dugo Selo,1,0,0,0,0,0,0,3,,
Grad Garešnica,1,0,0,0,0,0,0,5,,
Grad Glina,0,0,0,0,0,0,1,72,,
Grad Gospić,0,0,0,0,0,0,0,,1,144 dana
Grad Grubišno Polje,0,1,0,0,0,0,0,8,,
Grad Hrvatska Kostajnica,1,0,0,0,0,0,0,4,,
Grad Hvar,1,1,0,0,0,0,0,5,,
Grad Ilok,0,0,0,0,0,0,1,79,,
Grad Imotski,0,0,0,0,1,0,0,22,,
Grad Ivanec,0,0,1,0,0,0,0,11,,
Grad Ivanić-Grad,2,0,0,0,0,0,0,3.5,1,171 dana
Grad Jastrebarsko,0,0,1,0,0,0,0,12,,
Grad Karlovac,0,0,1,0,0,0,0,12,,
Grad Kastav,0,0,0,0,0,0,0,,1,144 dana
Grad Kaštela,0,0,0,0,0,0,0,,1,144 dana
Grad Klanjec,1,0,0,0,0,0,0,4,,
Grad Knin,0,1,0,0,0,0,0,8,,
Grad Komiža,0,1,0,0,0,0,0,8,,
Grad Koprivnica,0,0,1,0,0,0,0,12,,
Grad Korčula,1,0,0,0,0,0,0,3,,
Grad Kraljevica,0,1,0,0,0,0,0,7,,
Grad Krapina,0,0,0,0,0,0,0,,1,144 dana
Grad Križevci,0,1,0,0,0,0,0,7,,
Grad Krk,0,0,0,0,0,0,0,,1,144 dana
Grad Kutina,1,1,0,0,0,0,0,4.5,,
Grad Kutjevo,1,0,0,0,0,0,0,4,,
Grad Labin,0,0,0,1,0,0,0,17,,
Grad Lepoglava,1,0,0,0,0,0,0,4,,
Grad Lipik,0,0,0,0,1,0,0,21,,
Grad Ludbreg,0,0,0,0,0,0,0,,1,144 dana
Grad Makarska,0,0,0,0,0,0,0,,1,144 dana
Grad Mali Lošinj,0,1,0,0,0,0,0,10,,
Grad Metković,0,1,0,0,0,0,0,6,,
Grad Mursko Središće,1,0,0,0,0,0,0,3,,
Grad Našice,0,1,0,0,0,0,0,10,,
Grad Nin,1,0,0,0,0,0,0,5,,
Grad Nova Gradiška,1,0,0,0,0,0,0,3,,
Grad Novalja,0,0,1,0,0,0,0,12,,
Grad Novi Marof,1,0,0,0,0,0,0,4,,
Grad Novi Vinodolski,1,0,0,0,0,0,0,4,,
Grad Novigrad,0,0,1,0,0,0,0,11,,
Grad Novska,0,0,0,0,0,0,0,,1,144 dana
Grad Obrovac,1,0,0,0,0,0,0,3,,
Grad Ogulin,0,0,1,0,0,0,0,11,,
Grad Omiš,0,0,1,0,0,0,0,12,,
Grad Opatija,0,0,0,0,0,0,0,,1,144 dana
Grad Opuzen,0,0,0,0,0,0,0,,1,144 dana
Grad Orahovica,1,0,0,0,0,0,0,5,,
Grad Oroslavje,0,0,0,0,0,0,0,,1,144 dana
Grad Osijek,0,0,0,0,0,0,0,,2,244 dana
Grad Otok,0,1,0,0,0,0,0,8,,
Grad Otočac,0,0,1,0,0,0,0,13,,
Grad Ozalj,0,0,1,0,0,0,0,11,,
Grad Pag,0,0,1,0,0,0,0,13,,
Grad Pakrac,0,0,0,0,0,0,0,,1,144 dana
Grad Pazin,1,0,0,0,0,0,0,5,,
Grad Petrinja,0,0,1,0,0,0,0,15,,
Grad Pleternica,0,0,1,0,0,0,0,15,,
Grad Ploče,0,0,1,0,0,0,0,12,,
Grad Popovača,0,0,0,0,0,0,0,,1,144 dana
Grad Poreč,0,0,0,0,0,0,0,,1,144 dana
Grad Požega,0,0,0,0,0,0,0,,1,144 dana
Grad Pregrada,1,0,0,0,0,0,0,2,,
Grad Prelog,1,0,0,0,0,0,0,4,,
Grad Pula,0,0,2,0,0,1,0,13,,
Grad Rab,0,0,1,0,0,0,0,13,,
Grad Rijeka,0,1,0,0,0,0,1,61.5,,
Grad Rovinj,0,0,0,0,0,0,0,,1,144 dana
Grad Samobor,1,1,0,0,0,0,0,7,,
Grad Senj,0,0,0,0,0,0,0,,1,144 dana
Grad Sinj,0,0,0,0,0,0,0,,1,144 dana
Grad Sisak,0,0,0,0,0,0,0,,1,144 dana
Grad Skradin,0,0,1,0,0,0,0,12,,
Grad Slatina,0,1,0,0,0,0,0,6,,
Grad Slavonski Brod,1,0,0,0,0,0,0,2,,
Grad Slunj,0,0,1,0,0,0,0,12,,
Grad Solin,1,0,0,0,0,0,0,3,,
Grad Split,0,0,0,0,0,0,0,,2,244 dana
Grad Stari Grad,1,0,0,0,0,0,0,2,,
Grad Supetar,0,0,0,0,1,0,0,22,,
Grad Sveta Nedelja,0,1,0,0,0,0,0,6,,
Grad Sveti Ivan Zelina,1,0,0,0,0,0,0,4,,
Grad Trilj,0,0,0,0,1,0,0,29,,
Grad Trogir,0,0,0,1,0,0,0,17,,
Grad Umag,0,1,1,0,0,0,0,10,,
Grad Valpovo,0,0,0,1,0,0,0,19,,
Grad Varaždin,0,1,0,0,0,0,0,10,,
Grad Varaždinske Toplice,0,1,0,0,0,0,0,6,,
Grad Velika Gorica,0,2,0,0,0,0,0,10,,
Grad Vinkovci,0,1,0,0,0,0,0,8,,
Grad Virovitica,0,0,0,0,0,0,0,,1,144 dana
Grad Vis,0,0,0,0,0,0,0,,1,144 dana
Grad Vodice,0,1,0,0,0,0,0,7,,
Grad Vodnjan,0,0,1,0,0,0,0,14,,
Grad Vrbovec,0,0,0,0,0,0,0,,1,144 dana
Grad Vrbovsko,0,1,0,0,0,0,0,10,,
Grad Vrgorac,0,0,0,0,0,0,0,,1,144 dana
Grad Vrlika,0,0,0,0,0,0,0,,1,144 dana
Grad Vukovar,1,0,0,0,0,0,0,2,,
Grad Zabok,1,0,0,0,0,0,0,4,,
Grad Zadar,1,0,0,0,0,0,0,5,,
Grad Zagreb,2,2,0,1,5,0,3,34,15,204 dana
Grad Zaprešić,0,0,1,0,0,0,0,12,,
Grad Zlatar,0,1,0,0,0,0,0,6,,
Grad Čabar,0,0,0,0,1,0,0,22,,
Grad Čakovec,0,1,0,0,0,0,0,6,,
Grad Čazma,1,0,0,0,0,0,0,2,,
Grad Đakovo,1,0,0,0,0,0,0,5,,
Grad Đurđevac,0,1,0,0,0,0,0,8,,
Grad Šibenik,0,1,0,0,0,0,0,8,,
Grad Županja,0,0,0,0,0,0,0,,1,144 dana
Graditeljska škola za industriju i obrt,0,0,0,0,0,0,0,,1,73 dana
"Graditeljska, prirodoslovna i rudarska škola",0,1,0,0,0,0,0,6,,
Graditeljsko-geodetska tehnička škola,0,0,0,0,0,0,0,,1,73 dana
Graditeljsko-geodetska škola Osijek,1,0,0,0,0,0,0,2,,
Gradsko društvo Crvenog križa Đakovo,0,0,1,0,0,0,0,13,,
Grafička škola u Zagrebu,0,0,0,0,0,0,0,,1,73 dana
HEP Opskrba,1,0,0,0,0,0,0,2,,
Hotelijersko-turistička i ugostiteljska škola,0,1,0,0,0,0,0,6,,
Hotelijersko-turistička škola,1,0,0,0,0,0,0,2,,
Hotelijersko-turistička škola u Zagrebu,0,0,1,0,0,0,0,14,,
Hrvatska agencija za civilno zrakoplovstvo,0,0,1,0,0,0,0,13,,
Hrvatska agencija za hranu,0,1,0,0,0,0,0,6,,
"Hrvatska agencija za okoliš i prirodu, Zagreb",0,1,0,0,0,0,0,10,,
Hrvatska banka za obnovu i razvitak,0,0,1,0,0,0,0,13,,
Hrvatska elektroprivreda,3,0,0,0,0,0,0,2,,
Hrvatska gospodarska komora,0,1,0,0,0,0,0,10,,
Hrvatska komora ovlaštenih inženjera geodezije,1,0,0,0,0,0,0,4,,
Hrvatska narodna banka,1,0,0,0,0,0,0,2,1,254 dana
Hrvatska obrtnička komora,0,0,0,0,0,0,0,,1,166 dana
Hrvatska radiotelevizija,3,0,0,0,0,0,0,2,,
Hrvatska turistička zajednica,0,0,3,1,1,0,0,13,,
Hrvatske ceste,1,1,0,0,0,0,0,7.5,,
Hrvatske vode,0,2,0,0,0,0,0,7.5,,
Hrvatske šume,1,0,0,0,1,0,0,17,,
Hrvatski Crveni križ,0,0,0,0,0,0,0,,1,76 dana
Hrvatski nogometni savez,0,0,0,0,0,0,1,189,,
Hrvatski sabor,1,1,0,0,0,0,0,5.5,,
Hrvatski zavod za javno zdravstvo,3,0,0,0,0,1,0,1,1,5 dana
Hrvatski zavod za zdravstveno osiguranje,0,0,1,0,0,0,0,13,1,196 dana
Hrvatski šahovski savez,0,0,0,0,0,0,0,,1,38 dana
Hrvatsko katoličko sveučilište,0,0,0,0,0,0,0,,1,191 dana
HŽ Putnički prijevoz,0,1,0,0,0,0,0,7,,
I. osnovna škola Bjelovar,0,0,0,0,0,0,0,,1,73 dana
I. osnovna škola Dugave,1,0,0,0,0,0,0,5,,
I. osnovna škola Petrinja,0,1,0,0,0,0,0,8,,
I. osnovna škola Varaždin,1,0,0,0,0,0,0,3,,
I. osnovna škola Vrbovec,0,1,0,0,0,0,0,6,,
I. osnovna škola Čakovec,0,0,0,0,0,0,0,,1,73 dana
I. tehnička škola Tesla,0,0,0,0,1,0,0,24,,
II. osnovna škola Bjelovar,1,0,0,0,0,0,0,5,,
II. osnovna škola Vrbovec,0,1,0,0,0,0,0,10,,
"II. osnovna škola, Varaždin",0,1,0,0,0,0,0,8,,
III. osnovna škola Bjelovar,0,0,0,0,0,0,0,,1,73 dana
III. osnovna škola Varaždin,1,0,0,0,0,0,0,5,,
III. osnovna škola Čakovec,0,0,0,0,0,0,0,,1,73 dana
IV. osnovna škola Bjelovar,0,1,0,0,0,0,0,8,,
IV. osnovna škola Varaždin,1,0,0,0,0,0,0,5,,
Imamo pravo znati (TEST3),0,0,0,0,0,0,0,,1,64 dana
Industrijska strojarska škola,1,0,0,0,0,0,0,5,,
Industrijska škola Split,0,0,0,0,0,0,0,,1,73 dana
Industrijsko-obrtnička škola Pula,0,0,0,0,0,0,0,,1,73 dana
Industrijsko-obrtnička škola Slatina,0,0,0,0,0,0,0,,1,73 dana
Industrijsko-obrtnička škola Virovitica,0,0,1,0,0,0,0,15,,
"Industrijsko-obrtnička škola, Nova Gradiška",0,0,0,1,0,0,0,16,,
"Industrijsko-obrtnička škola, Sisak",0,0,0,0,0,0,0,,1,73 dana
"Industrijsko-obrtnička škola, Šibenik",1,0,0,0,0,0,0,3,,
Institut za medicinska istraživanja i medicinu rada,0,2,0,0,0,0,0,7,,
Istarska županija,0,1,0,0,0,0,0,6,,
Karlovačka županija,0,1,0,0,0,0,0,7,,
"Katolička osnovna škola, Požega",0,0,0,0,0,0,0,,1,73 dana
"Katolička osnovna škola, Šibenik",0,0,0,0,0,0,0,,1,73 dana
Klesarska škola Pučišća,0,0,0,0,0,0,0,,1,73 dana
Klinička bolnica 'Sveti Duh',1,0,0,0,0,0,0,5,1,169 dana
Klinička bolnica Dubrava,0,0,0,0,0,0,1,100,1,169 dana
Klinička bolnica Merkur,0,1,0,0,0,0,0,9,1,169 dana
Klinički bolnički centar Osijek,0,1,0,0,0,0,0,6,1,1 dan
Klinički bolnički centar Rijeka,0,0,0,0,1,0,0,40,,
Klinički bolnički centar Sestre milosrdnice,0,0,0,0,0,1,0,42,,
Klinički bolnički centar Split,1,0,0,0,0,0,0,4,,
Klinički bolnički centar Zagreb,0,1,0,0,0,0,0,10,,
"Knjigovođa, Šibenik",0,0,0,0,0,0,0,,1,165 dana
Komercijalna i trgovačka škola Bjelovar,0,1,0,0,0,0,0,7,,
Komercijalno-trgovačka škola Split,0,0,0,0,0,0,0,,1,73 dana
Koprivničko-križevačka županija,0,0,0,1,0,0,0,17,,
Krapinsko-zagorska županija,0,0,1,0,0,0,0,11,,
LINigra - privatna škola s pravom javnosti,0,1,0,0,0,0,0,9,,
Ličko-senjska županija,1,0,0,0,0,0,0,5,,
Lječilište 'Bizovačke toplice',1,0,0,0,0,0,0,2,,
Lječilište Topusko,1,0,0,0,0,0,0,3,,
Lječilište Veli Lošinj,1,0,0,0,0,0,0,4,,
MUP Policijska akademija – Visoka policijska škola,0,0,1,0,0,0,0,15,,
Medicinska i kemijska škola,0,1,0,0,0,0,0,7,,
Medicinska škola Ante Kuzmanića,1,0,0,0,0,0,0,2,,
Medicinska škola Bjelovar,0,0,0,0,0,0,0,,1,73 dana
Medicinska škola Dubrovnik,0,0,0,0,0,0,0,,1,73 dana
Medicinska škola Karlovac,0,0,0,0,0,0,0,,1,73 dana
Medicinska škola Osijek,0,0,0,0,0,0,0,,1,73 dana
Medicinska škola Pula,0,0,0,0,0,0,0,,1,73 dana
Medicinska škola Varaždin,0,1,0,0,0,0,0,8,,
Medicinska škola u Rijeci,0,0,0,0,0,0,0,,1,73 dana
Međimurska županija,0,0,0,0,0,0,1,165,,
"Međunarodna diplomska škola za poslovno upravljanje Zagreb, s pravom javnosti",0,0,0,0,0,0,0,,1,73 dana
Ministarstvo državne imovine,0,1,0,0,0,0,0,6,,
Ministarstvo financija,1,2,0,0,0,0,0,9,1,170 dana
"Ministarstvo gospodarstva, poduzetništva i obrta",1,2,0,0,0,0,0,9,1,199 dana
Ministarstvo graditeljstva i prostornoga uređenja,0,0,1,0,0,0,0,12,,
Ministarstvo hrvatskih branitelja,0,1,0,0,0,0,0,9,,
Ministarstvo kulture,0,0,0,0,1,0,0,21,2,181 dana
"Ministarstvo mora, prometa i infrastrukture",0,2,0,0,0,0,0,8,,
Ministarstvo obrane,0,0,0,0,1,0,0,22,,
Ministarstvo poduzetništva i obrta,0,1,0,0,0,0,0,10,,
Ministarstvo poljoprivrede,2,0,1,0,3,1,0,21,4,229 dana
Ministarstvo pravosuđa,0,0,0,1,0,0,0,16,1,110 dana
Ministarstvo rada i mirovinskoga sustava,0,0,0,0,0,0,0,,1,254 dana
Ministarstvo regionalnoga razvoja i fondova Europske unije,0,1,1,2,0,0,0,13.5,,
Ministarstvo turizma,0,0,0,0,1,0,0,28,,
Ministarstvo unutarnjih poslova,2,3,2,0,0,0,1,9,3,232 dana
Ministarstvo uprave,0,0,2,0,0,0,0,12.5,6,79 dana
Ministarstvo vanjskih i europskih poslova,0,0,1,0,2,0,1,31.5,1,181 dana
"Ministarstvo za demografiju, obitelj, mlade i socijalnu politiku",1,1,0,0,0,0,0,7.5,,
Ministarstvo zaštite okoliša i energetike,1,0,2,0,0,0,0,11,,
Ministarstvo zdravstva,0,0,1,0,1,1,0,32,,
Ministarstvo znanosti i obrazovanja,0,0,0,0,1,0,1,75,12,254 dana
Mjesto sjećanja Vukovarska bolnica 1991.,0,0,0,0,0,0,0,,1,183 dana
Mješovita industrijsko-obrtnička škola,1,0,0,0,0,0,0,3,,
Nacionalni centar za vanjsko vrednovanje obrazovanja,0,0,0,0,0,0,0,,2,47 dana
Neuropsihijatrijska bolnica 'Dr. Ivan Barbot' Popovača,0,2,0,0,0,0,0,8,,
Obrtna tehnička škola,0,1,0,0,0,0,0,6,,
Obrtnička i industrijska graditeljska škola,0,0,0,0,0,0,0,,1,73 dana
Obrtnička i tehnička škola Ogulin,0,0,0,0,0,0,0,,1,73 dana
Obrtnička škola Bjelovar,0,0,0,0,0,0,0,,1,73 dana
Obrtnička škola Gojka Matuline Zadar,0,0,0,0,0,0,0,,1,73 dana
Obrtnička škola Koprivnica,0,1,0,0,0,0,0,6,,
Obrtnička škola Osijek,0,1,0,0,0,0,0,6,,
Obrtnička škola za osobne usluge,1,0,0,0,0,0,0,4,,
"Obrtnička škola, Dubrovnik",0,0,0,0,0,0,0,,1,73 dana
"Obrtnička škola, Opatija",0,1,0,0,0,0,0,9,,
"Obrtnička škola, Požega",0,0,0,0,0,0,0,,1,73 dana
"Obrtnička škola, Slavonski Brod",0,1,0,0,0,0,0,6,,
"Obrtnička škola, Split",0,0,0,0,0,0,0,,1,73 dana
Obrtničko-industrijska škola u Imotskom,0,0,0,0,0,0,0,,1,73 dana
"Obrtničko-industrijska škola, Županja",0,0,0,0,0,0,0,,1,73 dana
Opća bolnica 'Dr. Ivo Pedišić' Sisak,1,0,0,0,0,0,0,3,,
Opća bolnica Bjelovar,0,1,0,0,0,0,0,8,,
"Opća bolnica Dr. Josip Benčević, Slavonski Brod",0,2,0,0,0,0,0,8,,
"Opća bolnica Dr. Tomislav Bardek, Koprivnica",0,1,1,0,0,0,0,11,,
Opća bolnica Dubrovnik,0,0,0,0,0,0,1,79,1,169 dana
Opća bolnica Gospić,1,0,0,0,0,0,0,3,1,169 dana
"Opća bolnica Hrvatski ponos, Knin",1,0,0,0,0,0,0,3,,
Opća bolnica Karlovac,1,1,0,0,0,0,0,5.5,,
Opća bolnica Nova Gradiška,0,0,0,0,0,0,0,,1,183 dana
Opća bolnica Ogulin,1,0,0,0,0,0,1,43.5,,
Opća bolnica Pula,1,0,0,0,0,0,0,2,,
Opća bolnica Varaždin,1,0,0,0,0,0,0,5,1,169 dana
Opća bolnica Virovitica,0,1,0,0,0,0,0,6,1,169 dana
Opća bolnica Zabok,1,0,0,0,0,0,0,2,,
Opća bolnica Zadar,0,0,1,0,1,0,0,16.5,,
Opća bolnica Šibensko-kninske županije,0,0,0,0,0,0,0,,1,183 dana
Opća županijska bolnica Našice,2,0,0,0,0,0,0,5,,
Opća županijska bolnica Požega,0,1,0,0,0,0,0,7,,
"Opća županijska bolnica Požega, podružnica Gradska bolnica Pakrac",0,0,0,1,0,0,0,17,,
Opća županijska bolnica Vinkovci,0,0,0,0,0,0,1,78,1,169 dana
Opća županijska bolnica Vukovar i bolnica hrvatskih veterana,0,0,0,0,0,0,1,183,1,169 dana
Općina Andrijaševci,0,0,0,0,0,0,1,84,,
Općina Antunovac,1,0,0,0,0,0,0,1,,
Općina Babina Greda,1,0,0,0,0,0,0,2,,
Općina Bale,0,0,0,1,0,0,0,18,,
Općina Barban,0,1,0,0,0,0,0,8,,
Općina Barilović,1,0,0,0,0,0,0,1,,
Općina Baška,1,0,0,0,0,0,0,2,1,221 dana
Općina Baška Voda,0,0,0,0,0,0,0,,1,162 dana
Općina Bebrina,0,0,0,0,0,0,0,,1,162 dana
Općina Bedekovčina,0,1,0,0,0,0,0,10,,
Općina Bedenica,0,0,0,0,0,0,0,,1,162 dana
Općina Bednja,0,0,0,0,0,0,0,,1,162 dana
Općina Belica,1,0,0,0,0,0,0,3,,
Općina Berek,1,0,0,0,0,0,0,2,,
Općina Beretinec,1,0,0,0,0,0,0,3,,
Općina Bibinje,0,1,0,0,0,0,0,6,,
Općina Bilice,0,0,0,0,0,0,0,,1,162 dana
Općina Bilje,0,0,0,0,1,0,0,29,,
Općina Biskupija,1,0,0,0,0,0,0,2,,
Općina Bistra,0,0,1,0,0,0,0,12,,
Općina Bizovac,0,0,0,0,0,0,0,,1,162 dana
Općina Blato,0,1,0,0,0,0,0,7,,
Općina Bogdanovci,0,0,1,0,0,0,0,11,,
Općina Bol,0,0,1,0,0,0,0,15,,
Općina Borovo,0,0,1,0,0,0,0,11,,
Općina Bosiljevo,0,0,0,0,0,0,0,,1,162 dana
Općina Bošnjaci,0,0,0,0,0,0,0,,1,162 dana
Općina Brckovljani,0,0,0,0,0,0,0,,1,162 dana
Općina Brdovec,0,0,0,0,0,0,1,85,,
Općina Brela,0,0,0,0,0,0,0,,1,162 dana
Općina Brestovac,1,0,0,0,0,0,0,3,,
Općina Breznica,0,0,0,0,0,0,0,,1,162 dana
Općina Breznički Hum,0,0,1,0,0,0,0,15,,
Općina Brinje,0,0,0,1,0,0,0,17,,
Općina Brod Moravice,1,0,0,0,0,0,0,4,,
Općina Brodski Stupnik,1,0,0,0,0,0,0,2,,
Općina Brtonigla,0,0,0,0,0,0,0,,1,162 dana
Općina Budinščina,0,0,0,0,0,0,0,,1,162 dana
Općina Bukovlje,1,0,0,0,0,0,0,1,,
Općina Cerna,0,0,0,0,0,0,0,,1,162 dana
Općina Cernik,1,0,0,0,0,0,0,3,,
Općina Cerovlje,1,0,0,0,0,0,0,3,,
Općina Cestica,0,0,1,0,0,0,0,13,,
Općina Cetingrad,0,0,0,0,0,0,0,,1,162 dana
Općina Cista Provo,0,0,1,0,0,0,0,11,,
Općina Civljane,0,0,0,0,0,0,0,,1,162 dana
Općina Crnac,1,0,0,0,0,0,0,1,,
Općina Darda,2,0,0,0,0,0,0,1,,
Općina Davor,0,0,0,0,0,0,0,,1,162 dana
Općina Dekanovec,0,0,1,0,0,0,0,14,,
Općina Desinić,1,0,0,0,0,0,0,2,,
Općina Dežanovac,0,1,0,0,0,0,0,8,,
Općina Dicmo,0,0,0,0,0,0,1,79,,
Općina Dobrinj,0,0,0,0,0,0,0,,1,162 dana
Općina Domašinec,1,0,0,0,0,0,0,2,,
Općina Donja Dubrava,1,0,0,0,0,0,0,2,,
Općina Donja Motičina,1,0,0,0,0,0,0,3,,
Općina Donja Voća,0,1,0,0,0,0,0,6,,
Općina Donji Andrijevci,0,0,0,0,0,0,0,,1,162 dana
Općina Donji Kraljevec,0,0,1,0,0,0,0,13,,
Općina Donji Kukuruzari,0,0,0,0,0,0,0,,1,162 dana
Općina Donji Lapac,0,0,1,0,0,0,0,15,,
Općina Donji Vidovec,1,0,0,0,0,0,0,1,,
Općina Dragalić,0,1,0,0,0,0,0,6,,
Općina Draganić,0,0,0,0,0,0,0,,1,162 dana
Općina Draž,0,1,0,0,0,0,0,6,,
Općina Drenje,0,0,0,0,0,0,0,,1,162 dana
Općina Drenovci,0,0,0,0,0,0,0,,1,162 dana
Općina Drnje,0,1,0,0,0,0,0,6,,
Općina Dubrava,0,1,0,0,0,0,0,6,,
Općina Dubravica,0,0,1,0,0,0,0,12,,
Općina Dubrovačko Primorje,0,0,0,0,0,0,1,81,,
Općina Dugi Rat,0,0,0,0,0,0,0,,1,162 dana
Općina Dugopolje,0,0,0,0,0,0,0,,1,162 dana
Općina Dvor,0,1,0,0,0,0,0,10,,
Općina Erdut,0,0,0,0,0,0,0,,1,162 dana
Općina Ernestinovo,1,0,0,0,0,0,0,3,,
Općina Ervenik,1,0,0,0,0,0,0,3,,
Općina Farkaševac,0,1,0,0,0,0,0,6,,
Općina Fažana,0,0,0,0,0,0,0,,1,162 dana
Općina Ferdinandovac,0,0,0,0,0,0,0,,1,162 dana
Općina Feričanci,0,0,1,0,0,0,0,13,,
Općina Funtana - Fontane,1,0,0,0,0,0,0,3,,
Općina Fužine,0,0,0,0,0,0,0,,1,162 dana
Općina Galovac,0,1,0,0,0,0,0,10,,
Općina Garčin,1,0,0,0,0,0,0,3,,
Općina Generalski Stol,1,0,0,0,0,0,0,2,,
Općina Gola,0,1,0,0,0,0,0,10,,
Općina Goričan,0,1,0,0,0,0,0,6,,
Općina Gorjani,1,0,0,0,0,0,0,2,,
Općina Gornja Rijeka,1,0,0,0,0,0,0,3,,
Općina Gornja Stubica,0,1,0,0,0,0,0,6,,
Općina Gornja Vrba,0,0,0,0,0,0,0,,1,162 dana
Općina Gornji Bogićevci,1,0,0,0,0,0,0,4,,
Općina Gornji Kneginec,0,0,0,0,0,0,0,,1,162 dana
Općina Gornji Mihaljevec,1,0,0,0,0,0,0,2,,
Općina Gradac,0,0,0,0,0,0,0,,1,162 dana
Općina Gradec,1,0,0,0,0,0,0,3,,
Općina Gradina,0,1,0,0,0,0,0,6,,
Općina Gradište,1,0,0,0,0,0,0,5,,
Općina Gračac,1,0,0,0,0,0,0,4,,
Općina Gračišće,0,0,0,0,0,0,0,,1,162 dana
Općina Grožnjan,0,1,0,0,0,0,0,7,,
Općina Gundinci,0,0,0,0,0,0,0,,1,162 dana
Općina Gunja,1,0,0,0,0,0,0,1,,
Općina Gvozd,1,0,0,0,0,0,0,2,,
Općina Hercegovac,1,0,0,0,0,0,0,4,,
Općina Hlebine,0,0,0,0,0,0,0,,1,162 dana
Općina Hrašćina,0,0,0,0,1,0,0,33,,
Općina Hrvace,0,0,0,0,0,0,0,,1,162 dana
Općina Hrvatska Dubica,0,1,0,0,0,0,0,6,,
Općina Hum na Sutli,0,0,0,0,0,0,0,,1,162 dana
Općina Ivankovo,1,0,0,0,0,0,0,4,,
Općina Ivanska,1,0,0,0,0,0,0,2,,
Općina Jagodnjak,1,0,0,0,0,0,0,1,,
Općina Jakovlje,1,0,0,0,0,0,0,3,,
Općina Jakšić,1,0,0,0,0,0,0,3,,
Općina Jalžabet,1,0,0,0,0,0,0,3,,
Općina Jarmina,0,1,0,0,0,0,0,7,,
Općina Jasenice,1,0,0,0,0,0,0,1,,
Općina Jasenovac,0,0,1,0,0,0,0,11,,
Općina Jelenje,1,0,0,0,0,0,0,1,,
Općina Jelsa,1,0,0,0,0,0,0,3,,
Općina Jesenje,1,0,0,0,0,0,0,4,,
Općina Josipdol,0,0,0,0,0,0,0,,1,162 dana
Općina Kali,0,1,0,0,0,0,0,6,1,214 dana
Općina Kalinovac,0,0,0,0,0,0,0,,1,162 dana
Općina Kalnik,0,0,1,0,0,0,0,13,,
Općina Kamanje,1,0,0,0,0,0,0,3,,
Općina Kanfanar,0,1,0,0,0,0,0,6,,
Općina Kapela,0,0,0,0,0,0,0,,1,162 dana
Općina Kaptol,0,0,0,0,0,0,1,77,,
Općina Karlobag,0,0,0,0,0,0,0,,1,162 dana
Općina Karojba,0,0,0,0,0,0,0,,1,162 dana
Općina Kaštelir-Labinci,0,0,0,0,0,0,0,,1,162 dana
Općina Kijevo,1,0,0,0,0,0,0,1,,
Općina Kistanje,1,0,0,0,0,0,0,4,,
Općina Klakar,1,0,0,0,0,0,0,4,,
Općina Klana,0,0,1,0,0,0,0,11,,
Općina Klenovnik,1,0,0,0,0,0,0,4,,
Općina Klinča Sela,0,0,1,0,0,0,0,12,,
Općina Klis,0,0,0,0,0,0,0,,1,162 dana
Općina Kloštar Ivanić,0,0,1,0,0,0,0,15,,
Općina Kloštar Podravski,1,0,0,0,0,0,0,3,,
Općina Kneževi Vinogradi,0,1,0,0,0,0,0,6,,
Općina Kolan,0,0,0,0,0,1,0,52,,
Općina Konavle,0,1,0,0,0,0,0,7,,
Općina Konjščina,0,1,0,0,0,0,0,6,,
Općina Končanica,1,0,0,0,0,0,0,3,,
Općina Koprivnički Bregi,1,0,0,0,0,0,0,3,,
Općina Koprivnički Ivanec,0,0,0,1,0,0,0,19,,
Općina Kostrena,0,0,0,0,0,0,0,,1,162 dana
Općina Kotoriba,1,0,0,0,0,0,0,3,,
Općina Koška,2,1,0,1,0,0,0,6,,
Općina Kraljevec na Sutli,0,0,0,0,0,0,0,,1,162 dana
Općina Krapinske Toplice,0,0,0,0,0,0,1,76,,
Općina Kravarsko,0,0,0,0,0,0,1,75,,
Općina Krašić,0,0,0,1,0,0,0,17,,
Općina Križ,1,0,0,0,0,0,0,4,,
Općina Krnjak,0,0,0,0,0,0,0,,1,162 dana
Općina Kršan,1,0,0,0,0,0,0,5,,
Općina Kukljica,0,1,0,0,0,0,0,10,,
Općina Kula Norinska,0,0,0,0,0,0,0,,1,162 dana
Općina Kumrovec,1,0,0,0,0,0,0,3,,
Općina Lanišće,1,0,0,0,0,0,0,3,,
Općina Lasinja,1,0,0,0,0,0,0,4,,
Općina Lastovo,0,0,0,0,0,0,1,73,,
Općina Legrad,1,0,0,0,0,0,0,2,,
Općina Lekenik,1,0,0,0,0,0,0,3,,
Općina Levanjska Varoš,1,0,0,0,0,0,0,3,,
Općina Lećevica,0,0,1,0,0,0,0,12,,
Općina Lipovljani,1,0,0,0,0,0,0,3,,
Općina Lišane Ostrovičke,0,1,0,0,0,0,0,7,,
Općina Ližnjan - Lisignano,1,0,0,0,0,0,0,4,,
Općina Ljubešćica,0,0,0,0,0,0,0,,1,162 dana
Općina Lobor,1,0,0,0,0,0,0,3,,
Općina Lokve,0,0,0,0,0,0,0,,1,162 dana
Općina Lokvičići,0,0,0,0,0,0,0,,1,162 dana
Općina Lopar,0,0,0,0,0,0,0,,1,162 dana
Općina Lovas,1,0,0,0,0,0,0,3,,
Općina Lovinac,0,1,0,0,0,0,0,7,,
Općina Lovran,0,1,0,0,0,0,0,7,,
Općina Lovreć,1,0,0,0,0,0,0,3,,
Općina Luka,0,0,0,0,0,1,0,42,,
Općina Lukač,1,0,0,0,0,0,0,5,,
Općina Lumbarda,1,0,0,0,0,0,0,1,,
Općina Lupoglav,1,0,0,0,0,0,0,2,,
Općina Magadenovac,0,0,1,0,0,0,0,13,,
Općina Majur,0,0,1,0,0,0,0,11,,
Općina Mala Subotica,1,0,0,0,0,0,0,3,,
Općina Mali Bukovec,0,0,0,0,1,0,0,23,,
Općina Malinska-Dubašnica,1,0,0,0,0,0,0,3,,
Općina Marija Bistrica,0,0,0,0,0,0,0,,1,162 dana
Općina Marija Gorica,0,1,0,0,0,0,0,10,,
Općina Marijanci,0,1,0,0,0,0,0,7,,
Općina Marina,0,1,0,0,0,0,0,8,,
Općina Markušica,0,0,0,0,0,0,0,,1,162 dana
Općina Martijanec,0,0,0,0,0,0,0,,1,162 dana
Općina Martinska Ves,0,1,0,0,0,0,0,7,,
Općina Maruševec,1,0,0,0,0,0,0,3,,
Općina Marčana,0,0,0,0,0,0,0,,1,162 dana
Općina Matulji,0,0,0,0,0,0,0,,1,162 dana
Općina Mače,1,0,0,0,0,0,0,2,,
Općina Medulin,0,0,0,0,0,0,1,82,,
Općina Mihovljan,1,0,0,0,0,0,0,3,,
Općina Mikleuš,1,0,0,0,0,0,0,1,,
Općina Milna,0,0,0,0,0,0,1,76,,
Općina Mljet,0,1,0,0,0,0,0,6,,
Općina Molve,0,0,1,0,0,0,0,11,,
Općina Motovun,0,0,0,0,0,0,0,,1,162 dana
Općina Mošćenička Draga,0,0,1,0,0,0,0,13,,
Općina Mrkopalj,0,0,0,0,0,0,0,,1,162 dana
Općina Murter-Kornati,0,1,0,0,0,0,0,7,,
Općina Muć,0,0,1,0,0,0,0,13,,
Općina Nedelišće,1,0,0,0,0,0,0,5,,
Općina Negoslavci,1,0,0,0,0,0,0,1,,
Općina Nerežišća,1,0,0,0,0,0,0,2,,
Općina Netretić,0,1,0,0,0,0,0,6,,
Općina Nijemci,0,0,1,0,0,0,0,13,,
Općina Nova Bukovica,0,0,1,0,0,0,0,15,,
Općina Nova Kapela,0,1,0,0,0,0,0,7,,
Općina Nova Rača,0,0,1,0,0,0,0,13,,
Općina Novi Golubovec,0,0,0,0,0,0,0,,1,162 dana
Općina Novigrad,0,1,0,0,0,0,0,7,,
Općina Novigrad Podravski,0,0,1,0,0,0,0,14,,
Općina Novo Virje,0,0,1,0,0,0,0,11,,
Općina Nuštar,0,1,0,0,0,0,0,10,,
Općina Okrug,0,0,0,0,0,0,0,,1,162 dana
Općina Okučani,0,1,0,0,0,0,0,7,,
Općina Omišalj,0,0,1,0,0,0,0,12,,
Općina Oprisavci,1,0,0,0,0,0,0,3,,
Općina Oprtalj,0,1,0,0,0,0,0,10,,
Općina Orebić,0,0,0,0,0,0,0,,1,162 dana
Općina Orehovica,1,0,0,0,0,0,0,1,,
Općina Oriovac,1,0,0,0,0,0,0,1,,
Općina Orle,0,0,0,0,1,0,0,37,,
Općina Otok,0,0,0,0,0,0,0,,1,162 dana
Općina Pakoštane,0,0,0,0,0,0,1,77,,
Općina Pašman,0,0,0,0,0,0,0,,1,162 dana
Općina Perušić,0,0,0,0,0,0,0,,1,162 dana
Općina Peteranec,1,0,0,0,0,0,0,2,,
Općina Petlovac,1,0,0,0,0,0,0,3,,
Općina Petrijanec,0,0,1,0,0,0,0,11,,
Općina Petrijaveci,1,0,0,0,0,0,0,3,,
Općina Petrovsko,0,0,0,0,0,0,0,,1,162 dana
Općina Pirovac,1,0,0,0,0,0,0,4,,
Općina Pisarovina,0,0,0,0,0,0,0,,1,162 dana
Općina Pitomača,1,0,0,0,0,0,0,5,,
Općina Pićan,1,0,0,0,0,0,0,2,,
Općina Plaški,0,0,0,1,0,0,0,18,,
Općina Plitvička Jezera,0,0,0,1,0,0,0,16,,
Općina Podbablje,1,0,0,0,0,0,0,1,,
Općina Podcrkavlje,1,0,0,0,0,0,0,3,,
Općina Podgora,0,1,0,0,0,0,0,8,,
Općina Podgorač,1,0,0,0,0,0,0,3,,
Općina Podravska Moslavina,0,0,0,0,0,0,0,,1,162 dana
Općina Podravske Sesvete,0,0,0,0,0,0,0,,1,162 dana
Općina Podstrana,0,0,1,0,0,0,0,14,,
Općina Podturen,1,0,0,0,0,0,0,1,,
Općina Pojezerje,0,0,0,0,0,0,0,,1,162 dana
Općina Pokupsko,0,0,0,0,0,0,0,,1,162 dana
Općina Polača,0,1,0,0,0,0,0,7,,
Općina Poličnik,0,0,0,0,0,0,0,,1,162 dana
Općina Popovac,0,1,0,0,0,0,0,8,,
Općina Posedarje,0,0,0,0,0,0,0,,1,162 dana
Općina Postira,1,0,0,0,0,0,0,3,,
Općina Povljana,0,0,0,0,0,0,0,,1,162 dana
Općina Preko,0,0,1,0,0,0,0,15,,
Općina Preseka,1,0,0,0,0,0,0,1,,
Općina Prgomet,1,0,0,0,0,0,0,2,,
Općina Pribislavec,0,0,0,0,0,0,0,,1,162 dana
Općina Primorski Dolac,1,0,0,0,0,0,0,5,,
Općina Primošten,0,0,0,1,0,0,0,16,,
"Općina Privlaka, Privlaka",1,0,0,0,0,0,0,4,,
"Općina Privlaka, Privlaka (Dalmacija)",0,0,0,0,0,0,1,76,,
Općina Proložac,0,0,0,0,0,0,0,,1,162 dana
Općina Promina,0,0,0,0,0,0,1,83,,
Općina Punat,0,1,0,0,0,0,0,7,,
Općina Punitovci,0,0,0,0,0,0,0,,1,162 dana
Općina Pučišća,0,0,0,0,0,0,1,73,,
Općina Pušća,0,0,0,1,0,0,0,17,,
Općina Radoboj,0,0,0,0,0,0,0,,1,162 dana
Općina Rakovec,0,0,0,0,0,0,0,,1,162 dana
Općina Rakovica,1,0,0,0,0,0,0,1,,
Općina Rasinja,0,0,1,0,0,0,0,14,,
Općina Ravna Gora,0,0,0,0,0,0,1,75,,
Općina Raša,0,0,1,0,0,0,0,11,,
Općina Ražanac,1,0,0,0,0,0,0,1,,
Općina Rešetari,1,0,0,0,0,0,0,5,,
Općina Ribnik,0,0,0,0,0,0,0,,1,162 dana
Općina Rogoznica,0,1,0,0,0,0,0,7,,
Općina Rovišće,0,0,1,0,0,0,0,12,,
Općina Rugvica,0,0,0,0,0,0,0,,1,162 dana
Općina Runovići,0,0,0,0,0,0,0,,1,162 dana
Općina Ružić,0,0,1,0,0,0,0,12,,
Općina Saborsko,0,1,0,0,0,0,0,8,,
Općina Sali,0,0,1,0,0,0,0,13,,
Općina Satnica Đakovačka,1,0,0,0,0,0,0,5,,
Općina Seget,0,0,0,0,0,0,0,,1,162 dana
Općina Selca,0,0,0,0,0,0,1,72,,
Općina Selnica,0,0,0,0,1,0,0,26,,
Općina Semeljci,0,0,0,0,0,0,0,,1,162 dana
Općina Severin,0,0,0,0,0,0,0,,1,162 dana
Općina Sibinj,0,0,0,0,0,0,1,76,,
Općina Sikirevci,0,0,0,0,0,0,0,,1,162 dana
Općina Sirač,0,1,0,0,0,0,0,8,,
Općina Skrad,0,1,0,0,0,0,0,6,,
Općina Slavonski Šamac,0,0,1,0,0,0,0,11,,
Općina Slivno,0,0,0,0,0,0,0,,1,162 dana
Općina Smokvica,0,1,0,0,0,0,0,8,,
Općina Sokolovac,0,0,1,0,0,0,0,12,,
Općina Sopje,0,0,0,0,0,0,1,80,,
Općina Sračinec,0,0,0,0,0,0,0,,1,162 dana
Općina Stankovci,0,0,0,0,0,0,0,,1,162 dana
Općina Stara Gradiška,1,0,0,0,0,0,0,1,,
Općina Stari Jankovci,1,0,0,0,0,0,0,1,,
Općina Stari Mikanovci,0,1,0,0,0,0,0,8,,
Općina Starigrad,0,0,1,0,0,0,0,12,,
Općina Staro Petrovo Selo,0,0,0,0,0,0,0,,1,162 dana
Općina Ston,1,0,0,0,0,0,0,2,,
Općina Strahoninec,1,0,0,0,0,0,0,3,,
Općina Strizivojna,0,1,0,0,0,0,0,8,,
Općina Stubičke Toplice,0,0,0,0,0,0,0,,1,162 dana
Općina Stupnik,1,0,0,0,0,0,0,2,,
Općina Suhopolje,0,0,1,0,0,0,0,12,,
Općina Sukošan,1,0,0,0,0,0,0,1,,
Općina Sunja,0,0,0,0,0,0,1,75,,
Općina Sutivan,0,0,0,0,0,0,0,,1,162 dana
Općina Sućuraj,0,0,0,0,0,0,0,,1,162 dana
Općina Sveta Marija,0,0,0,0,0,0,1,87,,
Općina Sveta Nedelja,0,0,0,0,0,0,1,86,,
Općina Sveti Filip i Jakov,0,0,0,0,0,0,0,,1,162 dana
Općina Sveti Ilija,1,0,0,0,0,0,0,4,,
Općina Sveti Ivan Žabno,0,0,1,0,0,0,0,11,,
Općina Sveti Juraj na Bregu,1,0,0,0,0,0,0,4,,
Općina Sveti Križ Začretje,0,1,0,0,0,0,0,6,,
Općina Sveti Lovreč,0,1,0,0,0,0,0,6,,
Općina Sveti Martin na Muri,0,1,0,0,0,0,0,7,,
Općina Sveti Petar Orahovec,1,0,0,0,0,0,0,3,,
Općina Sveti Petar u Šumi,0,1,0,0,0,0,0,6,,
Općina Sveti Đurđ,0,0,0,0,0,0,0,,1,162 dana
Općina Svetvinčenat,1,0,0,0,0,0,0,4,,
Općina Tar-Vabriga,0,0,0,1,0,0,0,16,,
Općina Tinjan,0,0,0,0,0,0,1,76,,
Općina Tisno,0,1,0,0,0,0,0,6,,
Općina Tkon,0,1,0,0,0,0,0,6,,
Općina Tompojevci,1,0,0,0,0,0,0,3,,
Općina Topusko,0,1,0,0,0,0,0,6,,
Općina Tordinci,0,0,0,0,0,0,0,,1,162 dana
Općina Tounj,0,0,1,0,0,0,0,11,,
Općina Tovarnik,0,0,0,0,0,0,1,83,,
Općina Tribunj,0,0,1,0,0,0,0,11,,
Općina Trnava,1,0,0,0,0,0,0,1,,
Općina Trnovec Bartolovečki,0,0,0,1,0,0,0,16,,
Općina Trpanj,0,1,0,0,0,0,0,8,,
Općina Trpinja,0,0,0,0,0,0,0,,1,162 dana
Općina Tuhelj,1,0,0,0,0,0,0,1,,
Općina Tučepi,1,0,0,0,0,0,0,4,,
Općina Udbina,0,0,0,0,0,0,1,76,,
Općina Unešić,1,0,0,0,0,0,0,2,,
Općina Vela Luka,0,0,0,0,0,0,0,,1,162 dana
Općina Velika,1,0,0,0,0,0,0,5,,
Općina Velika Kopanica,1,0,0,0,0,0,0,3,,
Općina Velika Ludina,1,0,0,0,0,0,0,5,1,162 dana
Općina Velika Pisanica,1,0,0,0,0,0,0,4,,
Općina Velika Trnovitica,0,0,0,0,0,0,0,,1,162 dana
Općina Veliki Bukovec,0,0,1,0,0,0,0,15,,
Općina Veliki Grđevac,0,0,0,0,0,0,0,,1,162 dana
Općina Veliko Trgovišće,0,1,0,0,0,0,0,10,,
Općina Veliko Trojstvo,0,0,0,0,0,0,0,,1,162 dana
Općina Vidovec,0,1,0,0,0,0,0,10,,
Općina Viljevo,1,0,0,0,0,0,0,1,,
Općina Vinica,1,0,0,0,0,0,0,5,,
Općina Vir,0,1,0,0,0,0,0,10,,
Općina Virje,0,1,0,0,0,0,0,8,,
Općina Visoko,1,0,0,0,0,0,0,4,,
Općina Viškovci,0,1,0,0,0,0,0,8,,
Općina Viškovo,0,0,0,0,1,0,0,23,,
Općina Višnjan,0,0,0,0,0,0,0,,1,162 dana
Općina Vižinada,1,0,0,0,0,0,0,3,,
Općina Vladislavci,1,0,0,0,0,0,0,1,,
Općina Vojnić,0,1,0,0,0,0,0,7,,
Općina Voćin,1,0,0,0,0,0,0,5,,
Općina Vođinci,0,0,1,0,0,0,0,13,,
Općina Vratišinec,0,0,0,0,0,0,0,,1,162 dana
Općina Vrbanja,1,0,0,0,0,0,0,4,,
Općina Vrbje,0,0,0,1,0,0,0,16,,
Općina Vrbnik,1,0,0,0,0,0,0,4,,
Općina Vrhovine,1,0,0,0,0,0,0,4,,
Općina Vrpolje,1,0,0,0,0,0,0,4,,
Općina Vrsar,0,0,1,0,0,0,0,13,,
Općina Vrsi,0,0,0,1,0,0,0,16,,
Općina Vuka,0,0,1,0,0,0,0,11,,
Općina Zadvarje,0,0,0,0,0,0,0,,1,162 dana
Općina Zagorska Sela,0,0,0,0,0,0,0,,1,162 dana
Općina Zagvozd,0,1,0,0,0,0,0,7,,
Općina Zažablje,1,0,0,0,0,0,0,3,,
Općina Zdenci,0,0,0,0,0,0,0,,1,162 dana
Općina Zemunik Donji,0,0,0,0,0,0,1,78,,
Općina Zlatar Bistrica,1,0,0,0,0,0,0,5,,
Općina Zmijavci,0,0,0,0,0,0,0,,1,162 dana
Općina Zrinski Topolovac,0,0,0,0,0,0,0,,1,162 dana
Općina Čaglin,0,0,0,0,0,0,0,,1,162 dana
Općina Čavle,0,0,1,0,0,0,0,12,,
Općina Čačinci,1,0,0,0,0,0,0,1,,
Općina Čađavica,1,0,0,0,0,0,0,1,,
Općina Čeminac,0,0,0,0,0,0,0,,1,162 dana
Općina Čepin,0,1,0,0,0,0,0,6,,
Općina Đelekovec,1,0,0,0,0,0,0,1,,
Općina Đulovac,0,0,0,0,0,0,0,,1,162 dana
Općina Đurmanec,1,0,0,0,0,0,0,1,,
Općina Đurđenovac,0,0,1,0,0,0,0,13,,
Općina Šandrovac,1,0,0,0,0,0,0,5,,
Općina Šenkovec,1,0,0,0,0,0,0,2,,
Općina Šestanovac,0,0,1,0,0,0,0,11,,
Općina Škabrnja,1,0,0,0,0,0,0,3,,
Općina Šodolovci,1,0,0,0,0,0,0,1,,
Općina Šolta,0,1,0,0,0,0,0,7,,
Općina Špišić Bukovica,0,0,0,0,0,0,0,,1,162 dana
Općina Štefanje,1,0,0,0,0,0,0,4,,
Općina Štitar,1,0,0,0,0,0,0,1,,
Općina Štrigova,1,0,0,0,0,0,0,1,,
Općina Žakanje,1,0,0,0,0,0,0,5,,
Općina Žminj,0,0,0,0,0,0,0,,1,162 dana
Općina Žumberak,1,0,0,0,0,0,0,2,,
Općina Župa dubrovačka,1,0,0,0,0,0,0,2,3,162 dana
Osječko-baranjska županija,0,0,0,0,0,0,0,,1,254 dana
Osnovna Montessori Škola Barunice Dedee Vranyczany,0,0,0,0,0,0,0,,1,73 dana
Osnovna glazbena škola Borisa Papandopula Kutina,1,0,0,0,0,0,0,5,,
Osnovna glazbena škola Ivana Zajca,1,0,0,0,0,0,0,2,,
Osnovna glazbena škola Kontesa Dora,0,0,0,0,0,0,0,,1,73 dana
Osnovna glazbena škola Milke Trnine,0,0,0,0,0,0,0,,1,73 dana
Osnovna glazbena škola Slatina,0,0,1,0,0,0,0,13,,
Osnovna škola '1. listopada 1942.',0,0,0,0,0,0,0,,1,73 dana
Osnovna škola 'Ante Anđelinović',0,0,0,0,0,0,0,,1,73 dana
Osnovna škola 'Ante Curać-Pinjac',0,1,0,0,0,0,0,10,,
Osnovna škola 'Antun Gustav Matoš' Tovarnik,0,0,0,0,0,0,0,,1,73 dana
Osnovna škola 'Antun Nemčić Gostovinski',0,0,0,1,0,0,0,16,,
Osnovna škola 'Antun i Stjepan Radić',0,0,0,0,0,0,0,,1,73 dana
"Osnovna škola 'August Cesarec', Ivankovo",0,0,0,1,0,0,0,16,,
"Osnovna škola 'August Cesarec', Špišić Bukovica",0,1,0,0,0,0,0,6,,
Osnovna škola 'August Harambašić',1,0,0,0,0,0,0,2,,
Osnovna škola 'Blaž Tadijanović',0,0,0,0,0,0,0,,1,73 dana
"Osnovna škola 'Bol', Split",0,0,0,0,0,0,0,,1,73 dana
Osnovna škola 'Braća Bobetko' Sisak,0,0,0,0,0,0,0,,1,73 dana
Osnovna škola 'Braća Glumac',0,0,0,0,0,0,0,,1,73 dana
"Osnovna škola 'Braća Radić', Koprivnica",0,0,1,0,0,0,0,13,,
"Osnovna škola 'Braća Radić', Martinska Ves",0,0,0,0,1,0,0,22,,
"Osnovna škola 'Dobriša Cesarić', Osijek",0,1,0,0,0,0,0,7,,
Osnovna škola 'Dr. Andrija Mohorovičić',0,0,0,0,0,0,0,,1,73 dana
Osnovna škola 'Dr. Ante Starčević' Pazarište-Klanac,1,0,0,0,0,0,0,3,,
Osnovna škola 'Dr. Fra Karlo Balić',0,0,0,0,0,0,0,,1,73 dana
"Osnovna škola 'Dr. Franjo Tuđman', Beli Manastir",1,0,0,0,0,0,0,3,,
"Osnovna škola 'Dr. Franjo Tuđman', Šarengrad",0,0,0,0,0,0,0,,1,73 dana
Osnovna škola 'Dr. Ivan Merz',0,0,0,0,0,0,0,,1,73 dana
Osnovna škola 'Dr. Stjepan Ilijašević',0,0,1,0,0,0,0,14,,
Osnovna škola 'Dragutin Tadijanović' Slavonski Brod,0,0,1,0,0,0,0,11,,
Osnovna škola 'Eugen Kumičić',1,0,0,0,0,0,0,2,,
Osnovna škola 'Fran Franković',0,0,0,0,0,0,0,,1,73 dana
Osnovna škola 'Fran Koncelak' Drnje,1,0,0,0,0,0,0,3,,
Osnovna škola 'Fran Krsto Frankopan' Krk,0,0,0,0,0,0,0,,1,73 dana
"Osnovna škola 'Grigor Vitez', Osijek",0,0,0,0,0,0,0,,1,73 dana
"Osnovna škola 'Grigor Vitez', Sveti Ivan Žabno",0,1,0,0,0,0,0,10,,
Osnovna škola 'Gustav Krklec' Maruševec,0,0,0,0,0,0,0,,1,73 dana
Osnovna škola 'Hugo Badalić',0,0,1,0,0,0,0,14,,
"Osnovna škola 'Ivan Filipović', Račinovci",0,0,0,0,1,0,0,21,,
"Osnovna škola 'Ivan Filipović', Velika Kopanica",0,0,0,0,0,0,0,,1,73 dana
Osnovna škola 'Ivan Goran Kovačić' Čepić,1,0,0,0,0,0,0,4,,
"Osnovna škola 'Ivan Goran Kovačić', Duga Resa",1,0,0,0,0,0,0,2,,
"Osnovna škola 'Ivan Goran Kovačić', Petrinja",0,0,0,0,0,0,0,,1,73 dana
"Osnovna škola 'Ivan Goran Kovačić', Slavonski Brod",0,1,0,0,0,0,0,8,,
"Osnovna škola 'Ivan Goran Kovačić', Velika",0,1,0,0,0,0,0,6,,
"Osnovna škola 'Ivan Goran Kovačić', Zdenci",0,1,0,0,0,0,0,10,,
Osnovna škola 'Ivan Kozarac',1,0,0,0,0,0,0,3,,
Osnovna škola 'Ivan Leko',0,0,1,0,0,0,0,13,,
Osnovna škola 'Ivan Meštrović' Drenovci,1,0,0,0,0,0,0,2,,
"Osnovna škola 'Ivana Brlić-Mažuranić', Strizivojna",1,0,0,0,0,0,0,2,,
Osnovna škola 'Ivo Kozarčanin',1,0,0,0,0,0,0,3,,
Osnovna škola 'Ivo Lola Ribar' Labin,0,0,0,0,0,0,0,,1,73 dana
Osnovna škola 'Josip Pupačić',0,0,1,0,0,0,0,11,,
Osnovna škola 'Katarina Zrinska' Mečenčani,0,0,0,0,0,0,0,,1,73 dana
Osnovna škola 'Kreativan razvoj' s pravom javnosti,1,0,0,0,0,0,0,2,,
Osnovna škola 'Mladost',1,0,0,0,0,0,0,3,,
Osnovna škola 'Sveti Petar' Orehovec,0,1,0,0,0,0,0,6,,
Osnovna škola 'Vladimir Gortan',1,0,0,0,0,0,0,2,,
"Osnovna škola 'Vladimir Nazor', Rešetari",0,0,1,0,0,0,0,11,,
"Osnovna škola 'Vladimir Nazor', Velika",0,1,0,0,0,0,0,6,,
Osnovna škola 'Đuro Ester',0,0,0,0,0,0,0,,1,73 dana
Osnovna škola 'Đuro Pilar',0,0,1,0,0,0,0,11,,
Osnovna škola - Scuola Elementare 'San Nicolo',0,1,0,0,0,0,0,9,,
Osnovna škola - Scuola Elementare Belvedere,0,1,0,0,0,0,0,7,,
Osnovna škola - Scuola Elementare Dolac,1,0,0,0,0,0,0,4,,
Osnovna škola - Scuola Elementare Gelsi,1,0,0,0,0,0,0,3,,
Osnovna škola 22. lipnja,0,1,0,0,0,0,0,10,,
"Osnovna škola ANŽ Frankopan, Kosinj",0,0,0,0,0,0,0,,1,73 dana
Osnovna škola Alojzija Stepinca,1,0,0,0,0,0,0,5,,
Osnovna škola Andrije Kačića Miošića,1,0,0,0,0,0,0,2,,
Osnovna škola Andrije Palmovića,0,0,0,0,0,0,0,,1,73 dana
Osnovna škola Ane Katarine Zrinski,1,0,0,0,0,0,0,3,,
"Osnovna škola Ante Kovačića, Marija Gorica",0,0,1,0,0,0,0,11,,
"Osnovna škola Ante Kovačića, Zagreb-Susedgrad",0,0,0,0,0,0,0,,1,73 dana
"Osnovna škola Ante Kovačića, Zlatar",0,0,1,0,0,0,0,12,,
Osnovna škola Ante Starčevića Dicmo,0,0,0,1,0,0,0,16,,
Osnovna škola Ante Starčevića Viljevo,0,0,0,0,0,0,0,,1,73 dana
"Osnovna škola Ante Starčevića, Lepoglava",1,0,0,0,0,0,0,2,,
"Osnovna škola Ante Starčevića, Rešetari",0,0,0,0,0,0,0,,1,73 dana
"Osnovna škola Antun Gustav Matoš, Vinkovci",1,0,0,0,0,0,0,5,,
"Osnovna škola Antun Klasinc, Lasinja",0,0,0,0,0,0,0,,1,73 dana
"Osnovna škola Antun Matija Reljković,' Bebrina",0,1,0,0,0,0,0,8,,
"Osnovna škola Antun Mihanović, Nova Kapela Batrina",0,1,0,0,0,0,0,6,,
"Osnovna škola Antun Mihanović, Slavonski Brod",0,0,1,0,0,0,0,11,,
Osnovna škola Antuna Augustinčića,1,0,0,0,0,0,0,2,,
Osnovna škola Antuna Bauera,0,0,0,0,0,0,0,,1,73 dana
Osnovna škola Antuna Branka Šimića,0,0,0,0,0,0,0,,1,73 dana
"Osnovna škola Antuna Gustava Matoša, Novalja",0,0,0,0,0,0,0,,1,73 dana
"Osnovna škola Antuna Gustava Matoša, Zagreb",0,1,0,0,0,0,0,6,,
"Osnovna škola Antuna Gustava Matoša, Čačinci",0,1,0,0,0,0,0,10,,
"Osnovna škola Antuna Masle, Orašac",0,0,1,0,0,0,0,14,,
Osnovna škola Antuna Mihanovića Petropoljskog,1,0,0,0,0,0,0,5,,
Osnovna škola Antuna Mihanovića Petrovsko,1,0,0,0,0,0,0,2,,
"Osnovna škola Antuna Mihanovića, Klanjec",0,0,0,0,0,0,0,,1,73 dana
"Osnovna škola Antuna Mihanovića, Osijek",1,0,0,0,0,0,0,3,,
"Osnovna škola Antuna Mihanovića, Zagreb",0,0,0,0,0,0,0,,1,73 dana
Osnovna škola Antunovac,0,0,1,0,0,0,0,11,,
"Osnovna škola August Šenoa, Osijek",0,1,0,0,0,0,0,9,,
"Osnovna škola Augusta Cesarca, Krapina",0,1,0,0,0,0,0,7,,
"Osnovna škola Augusta Cesarca, Zagreb",0,1,0,0,0,0,0,6,,
Osnovna škola Augusta Harambašića,0,1,0,0,0,0,0,7,,
"Osnovna škola Augusta Šenoe, Gundinci",1,0,0,0,0,0,0,5,,
Osnovna škola Bakar,0,0,0,0,0,0,0,,1,73 dana
Osnovna škola Bana Josipa Jelačića,1,0,0,0,0,0,0,4,,
Osnovna škola Banija,1,0,0,0,0,0,0,3,,
Osnovna škola Banova Jaruga,0,0,0,0,0,0,0,,1,73 dana
Osnovna škola Barilović,0,0,0,0,0,0,0,,1,73 dana
"Osnovna škola Bartola Kašića, Vinkovci",0,0,0,0,0,0,0,,1,73 dana
"Osnovna škola Bartola Kašića, Zagreb",0,0,1,0,0,0,0,12,,
"Osnovna škola Bartula Kašića, Zadar",1,0,0,0,0,0,0,2,,
Osnovna škola Bedekovčina,0,0,0,0,0,0,0,,1,73 dana
Osnovna škola Belec,0,0,1,0,0,0,0,12,,
Osnovna škola Beletinec,0,1,0,0,0,0,0,6,,
Osnovna škola Belica,1,0,0,0,0,0,0,2,,
Osnovna škola Benkovac,0,0,0,0,0,0,0,,1,73 dana
Osnovna škola Berek,1,0,0,0,0,0,0,2,,
Osnovna škola Bijaći,0,0,0,0,0,0,0,,1,73 dana
Osnovna škola Bijelo Brdo,0,0,0,0,0,0,0,,1,73 dana
Osnovna škola Bilje,0,0,0,0,0,0,0,,1,73 dana
Osnovna škola Biograd,0,1,0,0,0,0,0,10,,
Osnovna škola Bisag,1,0,0,0,0,0,0,2,,
Osnovna škola Bistra,1,0,0,0,0,0,0,2,,
Osnovna škola Blage Zadre,0,0,0,0,0,0,0,,1,73 dana
Osnovna škola Blatine-Škrape,0,0,0,0,0,0,0,,1,73 dana
Osnovna škola Bobota,0,0,0,0,0,0,0,,1,73 dana
Osnovna škola Bogoslav Šulek,1,0,0,0,0,0,0,2,,
Osnovna škola Bogumila Tonija,0,0,0,0,0,0,0,,1,73 dana
Osnovna škola Bol,1,0,0,0,0,0,0,2,,
Osnovna škola Borovje,0,0,0,1,0,0,0,20,,
Osnovna škola Borovo,0,0,0,0,0,0,0,,1,73 dana
Osnovna škola Brajda,1,0,0,0,0,0,0,5,,
Osnovna škola Bratoljuba Klaića,0,0,0,0,0,0,0,,1,73 dana
Osnovna škola Braća Ribar Sisak,0,1,0,0,0,0,0,8,,
"Osnovna škola Braća Ribar, Posedarje",1,0,0,0,0,0,0,5,,
Osnovna škola Braća Seljan,1,0,0,0,0,0,0,3,,
Osnovna škola Braće Radića Pakrac,1,0,0,0,0,0,0,4,,
"Osnovna škola Braće Radića, Donji Muć",0,1,0,0,0,0,0,9,,
"Osnovna škola Braće Radića, Kloštar Ivanić",0,1,0,0,0,0,0,8,,
Osnovna škola Brda,1,0,0,0,0,0,0,2,,
Osnovna škola Breznički Hum,0,0,0,0,0,0,0,,1,73 dana
Osnovna škola Brezovica,1,0,0,0,0,0,0,2,,
Osnovna škola Brod Moravice,1,0,0,0,0,0,0,4,,
Osnovna škola Brodarica,0,0,1,0,0,0,0,12,,
Osnovna škola Bršadin,0,1,0,0,0,0,0,9,,
Osnovna škola Budaševo-Topolovac-Gušće,0,1,0,0,0,0,0,8,,
Osnovna škola Budrovci,1,0,0,0,0,0,0,2,,
Osnovna škola Bukovac,0,0,1,0,0,0,0,13,,
Osnovna škola Cavtat,1,0,0,0,0,0,0,4,,
"Osnovna škola Centar, Pula",0,0,1,0,0,0,0,12,,
"Osnovna škola Centar, Rijeka",1,0,0,0,0,0,0,2,,
Osnovna škola Cestica,1,0,0,0,0,0,0,2,,
Osnovna škola Cetingrad,0,0,0,0,0,0,0,,1,73 dana
Osnovna škola Cvjetno Naselje,1,0,0,0,0,0,0,2,,
Osnovna škola Dalj,1,0,0,0,0,0,0,1,,
Osnovna škola Darda,1,0,0,0,0,0,0,2,1,73 dana
Osnovna škola Davorin Trstenjak Posavski Podgajci,0,0,0,0,0,0,0,,1,73 dana
"Osnovna škola Davorin Trstenjak, Čađavica",1,0,0,0,0,0,0,3,,
"Osnovna škola Davorina Trstenjaka, Hrvatska Kostajnica",0,0,0,0,0,0,0,,1,73 dana
"Osnovna škola Davorina Trstenjaka, Zagreb",0,0,0,0,0,0,0,,1,73 dana
Osnovna škola Dežanovac,0,0,0,0,0,0,0,,1,73 dana
Osnovna škola Dinka Šimunovića,0,0,0,0,0,0,0,,1,73 dana
Osnovna škola Divšići,0,0,0,0,0,0,0,,1,73 dana
"Osnovna škola Dobriša Cesarić, Požega",1,0,0,0,0,0,0,2,,
Osnovna škola Dobriše Cesarića,0,0,0,0,0,0,0,,1,73 dana
Osnovna škola Domašinec,1,0,0,0,0,0,0,5,,
Osnovna škola Domovinske Zahvalnosti,0,0,0,0,0,0,0,,1,73 dana
Osnovna škola Donja Dubrava,0,1,0,0,0,0,0,6,,
Osnovna škola Donja Stubica,1,0,0,0,0,0,0,4,,
Osnovna škola Donji Lapac,1,0,0,0,0,0,0,2,,
Osnovna škola Dore Pejačević Našice,0,0,0,0,0,0,0,,1,73 dana
Osnovna škola Dragalić,0,0,1,0,0,0,0,12,,
Osnovna škola Draganići,0,1,0,0,0,0,0,10,,
Osnovna škola Dragojle Jarnević,1,0,0,0,0,0,0,4,,
"Osnovna škola Dragutina Domjanića, Sveti Ivan Zelina",1,0,0,0,0,0,0,2,,
"Osnovna škola Dragutina Domjanića, Zagreb-Susedgrad",0,0,0,0,0,0,0,,1,73 dana
Osnovna škola Dragutina Kušlana,1,0,0,0,0,0,0,2,,
Osnovna škola Dragutina Lermana,0,0,0,0,0,0,0,,1,73 dana
"Osnovna škola Dragutina Tadijanovića, Petrinja",0,0,0,0,0,0,0,,1,73 dana
"Osnovna škola Dragutina Tadijanovića, Vukovar",0,0,0,0,0,0,0,,1,73 dana
"Osnovna škola Dragutina Tadijanovića, Zagreb",0,0,0,0,0,0,0,,1,73 dana
Osnovna škola Draškovec,0,1,0,0,0,0,0,6,,
Osnovna škola Draž,1,0,0,0,0,0,0,2,,
Osnovna škola Drenje,1,0,0,0,0,0,0,4,,
Osnovna škola Dubovac,1,0,0,0,0,0,0,3,,
Osnovna škola Dubrava,0,0,0,0,0,0,0,,1,73 dana
Osnovna škola Dugopolje,0,1,0,0,0,0,0,6,,
Osnovna škola Dvor,1,0,0,0,0,0,0,5,,
Osnovna škola Ernestinovo,0,0,1,0,0,0,0,12,,
"Osnovna škola Eugena Kumičića, Slatina",0,1,0,0,0,0,0,9,,
"Osnovna škola Eugena Kumičića, Velika Gorica",0,0,0,0,0,0,0,,1,73 dana
"Osnovna škola Eugena Kvaternika, Rakovica",0,0,0,0,0,0,0,,1,73 dana
"Osnovna škola Eugena Kvaternika, Velika Gorica",0,1,0,0,0,0,0,9,,
Osnovna škola Fausta Vrančića,0,0,0,0,0,0,0,,1,73 dana
Osnovna škola Fažana,0,0,0,0,0,0,0,,1,73 dana
Osnovna škola Ferdinandovac,1,0,0,0,0,0,0,2,,
Osnovna škola Fra Ante Gnječa,0,1,0,0,0,0,0,7,,
Osnovna škola Fra Bernardina Tome Leakovića,0,1,0,0,0,0,0,8,,
Osnovna škola Fra Pavla Vučkovića,0,0,0,0,0,0,0,,1,73 dana
Osnovna škola Frana Galovića,0,1,0,0,0,0,0,6,,
"Osnovna škola Frana Krste Frankopana, Brod na Kupi",0,0,0,0,0,0,0,,1,73 dana
"Osnovna škola Frana Krste Frankopana, Osijek",0,0,1,0,0,0,0,14,,
"Osnovna škola Frana Krste Frankopana, Zagreb",0,0,1,0,0,0,0,12,,
Osnovna škola Frane Petrića,0,0,1,0,0,0,0,11,,
Osnovna škola Franje Horvata Kiša,0,0,0,0,1,0,0,25,,
Osnovna škola Franje Krežme,0,0,0,0,0,0,0,,1,73 dana
Osnovna škola Franje Serta Bednja,0,0,0,0,0,0,0,,1,73 dana
Osnovna škola Galdovo,0,1,0,0,0,0,0,9,,
Osnovna škola Galovac,0,0,0,0,0,0,0,,1,73 dana
Osnovna škola Garešnica,0,0,0,0,0,0,0,,1,73 dana
Osnovna škola Generalski Stol,1,0,0,0,0,0,0,4,,
Osnovna škola Giuseppina Martinuzzi,0,1,0,0,0,0,0,8,,
Osnovna škola Glina,0,0,0,0,0,0,0,,1,73 dana
Osnovna škola Goričan,0,0,0,0,0,0,0,,1,73 dana
Osnovna škola Gorjani,0,1,0,0,0,0,0,6,,
Osnovna škola Gornja Poljica,1,0,0,0,0,0,0,2,,
Osnovna škola Gornje Jesenje,0,0,0,0,0,0,0,,1,73 dana
Osnovna škola Gornji Mihaljevec,0,0,0,0,0,0,0,,1,73 dana
Osnovna škola Grabrik,0,0,1,0,0,0,0,13,,
Osnovna škola Gradac,0,0,0,0,0,0,0,,1,73 dana
Osnovna škola Gradec,1,0,0,0,0,0,0,2,,
Osnovna škola Gradina,1,0,0,0,0,0,0,2,,
Osnovna škola Gradište,0,1,0,0,0,0,0,9,,
Osnovna škola Gračani,1,0,0,0,0,0,0,3,,
Osnovna škola Grgura Karlovčana,1,0,0,0,0,0,0,3,,
Osnovna škola Grigora Viteza,0,0,0,0,0,0,0,,1,73 dana
Osnovna škola Grigora Viteza Poljana,0,0,0,0,0,0,0,,1,73 dana
Osnovna škola Gripe,0,0,0,0,0,0,0,,1,73 dana
"Osnovna škola Grofa Janka Draškovića, Klenovnik",1,0,0,0,0,0,0,2,,
"Osnovna škola Grofa Janka Draškovića, Zagreb-Susedgrad",0,0,0,0,0,0,0,,1,73 dana
Osnovna škola Grohote,0,0,0,1,0,0,0,16,,
Osnovna škola Gustava Krkleca,1,0,0,0,0,0,0,5,,
Osnovna škola Gvozd,1,0,0,0,0,0,0,3,,
"Osnovna škola Hinka Juhna, Podgorač",0,0,0,0,1,0,0,32,,
Osnovna škola Hodošan,0,1,0,0,0,0,0,7,,
Osnovna škola Horvati,0,1,0,0,0,0,0,7,,
Osnovna škola Hreljin,1,0,0,0,0,0,0,2,,
Osnovna škola Hrvatski sokol,0,0,0,0,0,0,0,,1,73 dana
Osnovna škola Hvar,0,0,0,1,0,0,0,18,,
Osnovna škola I.G. Kovačića,0,0,0,1,0,0,0,17,,
Osnovna škola Ilača-Banovci,0,1,0,0,0,0,0,9,,
Osnovna škola Ivan Duknović,0,0,0,0,0,0,0,,1,73 dana
"Osnovna škola Ivan Goran Kovačić, Benkovac",1,0,0,0,0,0,0,4,,
"Osnovna škola Ivan Goran Kovačić, Đakovo",1,0,0,0,0,0,0,2,,
"Osnovna škola Ivan Goran Kovačić, Štitar",1,0,0,0,0,0,0,2,,
"Osnovna škola Ivan Mažuranić, Sibinj",0,1,0,0,0,0,0,6,,
"Osnovna škola Ivan Meštrović, Vrpolje",0,0,0,1,0,0,0,16,,
Osnovna škola Ivana Batelića - Raša,0,0,0,0,0,0,0,,1,73 dana
"Osnovna škola Ivana Brlić-Mažuranić, Rokovci-Andrijaševci",1,0,0,0,0,0,0,5,,
Osnovna škola Ivana Brnjika Slovaka,1,0,0,0,0,0,0,3,,
Osnovna škola Ivana Cankara,0,1,0,0,0,0,0,8,,
"Osnovna škola Ivana Filipovića, Osijek",0,0,1,0,0,0,0,11,,
"Osnovna škola Ivana Filipovića, Zagreb",1,0,0,0,0,0,0,4,,
"Osnovna škola Ivana Gorana Kovačića, Delnice",0,0,0,0,0,0,0,,1,73 dana
"Osnovna škola Ivana Gorana Kovačića, Gornje Bazje",0,1,0,0,0,0,0,7,,
"Osnovna škola Ivana Gorana Kovačića, Staro Petrovo Selo",1,0,0,0,0,0,0,2,,
"Osnovna škola Ivana Gorana Kovačića, Sveti Juraj Na Bregu",1,0,0,0,0,0,0,4,,
"Osnovna škola Ivana Gorana Kovačića, Vinkovci",1,0,0,0,0,0,0,2,,
"Osnovna škola Ivana Gorana Kovačića, Vrbovsko",0,1,0,0,0,0,0,7,,
"Osnovna škola Ivana Gorana Kovačića, Zagreb",0,0,0,0,0,0,0,,1,73 dana
Osnovna škola Ivana Granđe,0,0,0,0,0,0,0,,1,73 dana
"Osnovna škola Ivana Gundulića, Zagreb",0,0,1,0,0,0,0,13,,
Osnovna škola Ivana Kozarca Županja,1,0,0,0,0,0,0,2,,
Osnovna škola Ivana Kukuljevića Sakcinskog,0,0,0,0,0,0,0,,1,73 dana
"Osnovna škola Ivana Kukuljevića, Belišće",1,0,0,0,0,0,0,2,,
"Osnovna škola Ivana Kukuljevića, Sisak",0,1,0,0,0,0,0,8,,
Osnovna škola Ivana Lovrića,1,0,0,0,0,0,0,4,,
"Osnovna škola Ivana Mažuranića, Novi Vinodolski",0,0,0,0,0,0,0,,1,73 dana
"Osnovna škola Ivana Mažuranića, Obrovac Sinjski",1,0,0,0,0,0,0,2,,
"Osnovna škola Ivana Mažuranića, Vinkovci",1,0,0,0,0,0,0,4,,
"Osnovna škola Ivana Mažuranića, Zagreb",0,0,0,0,0,0,0,,1,73 dana
Osnovna škola Ivana Meštrovića,0,0,0,0,0,0,0,,1,73 dana
Osnovna škola Ivana Nepomuka Jemeršića,0,0,0,0,0,0,0,,1,73 dana
"Osnovna škola Ivana Rabljanina, Rab",1,0,0,0,0,0,0,4,,
Osnovna škola Ivana Rangera Kamenica,1,0,0,0,0,0,0,3,,
Osnovna škola Ivana Zajca,1,0,0,0,0,0,0,3,,
"Osnovna škola Ivane Brlić-Mažuranić, Koška",1,0,0,0,0,0,0,3,,
"Osnovna škola Ivane Brlić-Mažuranić, Ogulin",0,0,0,0,1,0,0,22,,
"Osnovna škola Ivane Brlić-Mažuranić, Orahovica",0,1,0,0,0,0,0,8,,
"Osnovna škola Ivane Brlić-Mažuranić, Prigorje Brdovečko",0,1,0,0,0,0,0,6,,
"Osnovna škola Ivane Brlić-Mažuranić, Virovitica",0,1,0,0,0,0,0,6,,
Osnovna škola Ivanke Trohar,0,0,0,0,0,0,0,,1,73 dana
Osnovna škola Ivanovec,0,0,0,0,0,0,0,,1,73 dana
Osnovna škola Ivanska,0,0,0,0,0,0,0,,1,73 dana
Osnovna škola Ive Andrića,0,0,0,0,0,0,0,,1,73 dana
Osnovna škola Ivo Dugandžić-Mišić,0,1,0,0,0,0,0,8,,
Osnovna škola Izidora Kršnjavoga,0,0,0,0,0,0,0,,1,73 dana
Osnovna škola Izidora Poljaka Višnjica,0,1,0,0,0,0,0,7,,
Osnovna škola Jabukovac,0,0,0,0,0,0,0,,1,73 dana
"Osnovna škola Jabukovac, Zagreb",0,0,0,0,0,0,0,,1,73 dana
Osnovna škola Jagode Truhelke,0,1,0,0,0,0,0,9,,
Osnovna škola Jagodnjak,0,0,0,0,0,0,0,,1,73 dana
Osnovna škola Jakova Gotovca,0,0,0,0,0,0,0,,1,73 dana
Osnovna škola Jakovlje,1,0,0,0,0,0,0,2,,
Osnovna škola Janjina,0,0,0,0,0,0,0,,1,73 dana
Osnovna škola Janka Leskovara,0,1,0,0,0,0,0,9,,
Osnovna škola Jasenovac,1,0,0,0,0,0,0,3,,
Osnovna škola Jelenje - Dražice,0,0,0,0,0,0,0,,1,73 dana
Osnovna škola Jelkovec,0,1,0,0,0,0,0,10,,
Osnovna škola Jelsa,0,0,0,0,0,0,0,,1,73 dana
"Osnovna škola Jesenice, Dugi Rat",1,0,0,0,0,0,0,2,,
Osnovna škola Joakima Rakovca,0,0,1,0,0,0,0,12,,
Osnovna škola Jordanovac,1,0,0,0,0,0,0,5,,
"Osnovna škola Josip Kozarac, Punitovci",0,1,0,0,0,0,0,6,,
"Osnovna škola Josip Kozarac, Slavonski Šamac",1,0,0,0,0,0,0,5,,
"Osnovna škola Josip Kozarac, Soljani",0,1,0,0,0,0,0,9,,
Osnovna škola Josipa Antuna Ćolnića,0,0,0,0,0,0,0,,1,73 dana
Osnovna škola Josipa Badalića Graberje Ivanićko,0,1,0,0,0,0,0,8,,
Osnovna škola Josipa Broza,1,0,0,0,0,0,0,4,,
Osnovna škola Josipa Jovića,0,0,1,0,0,0,0,13,,
"Osnovna škola Josipa Jurja Strossmayera, Trnava",1,0,0,0,0,0,0,3,,
"Osnovna škola Josipa Jurja Strossmayera, Zagreb",0,0,0,0,1,0,0,22,,
"Osnovna škola Josipa Jurja Strossmayera, Đurđenovac",1,0,0,0,0,0,0,5,,
"Osnovna škola Josipa Kozarca, Semeljci",1,0,0,0,0,0,0,4,,
"Osnovna škola Josipa Kozarca, Slatina",0,0,0,0,0,0,0,,1,73 dana
"Osnovna škola Josipa Kozarca, Vinkovci",0,0,0,0,0,0,0,,1,73 dana
Osnovna škola Josipa Lovretića,1,0,0,0,0,0,0,2,,
Osnovna škola Josipa Matoša,1,0,0,0,0,0,0,3,,
Osnovna škola Josipa Račića,1,0,0,0,0,0,0,5,,
Osnovna škola Josipa Zorića,1,0,0,0,0,0,0,2,,
Osnovna škola Josipdol,0,0,0,0,0,0,0,,1,73 dana
Osnovna škola Josipovac,1,0,0,0,0,0,0,5,,
"Osnovna škola Jože Šurana, Višnjan",1,0,0,0,0,0,0,2,,
Osnovna škola Julija Kempfa,1,0,0,0,0,0,0,4,,
Osnovna škola Julija Klovića,0,0,1,0,0,0,0,11,,
Osnovna škola Jure Filipovića Barban,0,0,0,0,0,0,0,,1,73 dana
Osnovna škola Jurja Barakovića,0,1,0,0,0,0,0,8,,
Osnovna škola Jurja Dalmatinca Pag,0,1,0,0,0,0,0,9,,
Osnovna škola Jurja Dalmatinca Šibenik,1,0,0,0,0,0,0,2,,
Osnovna škola Jurja Dobrile Rovinj,0,0,0,0,0,0,0,,1,73 dana
Osnovna škola Jurja Habdelića,0,1,0,0,0,0,0,7,,
Osnovna škola Jurja Klovića Tribalj,0,0,0,0,0,0,0,,1,73 dana
Osnovna škola Juršići,0,0,0,0,0,0,0,,1,73 dana
Osnovna škola Kalnik,0,1,0,0,0,0,0,10,,
Osnovna škola Kamen-Šine,0,0,0,1,0,0,0,16,,
Osnovna škola Kamešnica,0,0,0,0,0,0,0,,1,73 dana
Osnovna škola Kantrida,1,0,0,0,0,0,0,3,,
Osnovna škola Karlobag,1,0,0,0,0,0,0,2,,
Osnovna škola Katarine Zrinski,0,0,0,1,0,0,0,16,,
Osnovna škola Kaštanjer Pula,0,1,0,0,0,0,0,10,,
Osnovna škola Kistanje,0,0,0,0,0,0,0,,1,73 dana
Osnovna škola Klana,0,0,0,0,0,0,0,,1,73 dana
Osnovna škola Klinča Sela,0,0,0,0,0,0,0,,1,73 dana
Osnovna škola Kloštar Podravski,1,0,0,0,0,0,0,5,,
Osnovna škola Kman-Kocunar,0,0,0,0,0,0,0,,1,73 dana
Osnovna škola Kneza Branimira,0,0,1,0,0,0,0,11,,
Osnovna škola Kneza Mislava,1,0,0,0,0,0,0,2,,
Osnovna škola Kneza Trpimira,1,0,0,0,0,0,0,2,,
Osnovna škola Kneževi Vinogradi,1,0,0,0,0,0,0,3,,
"Osnovna škola Komarevo, Blinjski kut",0,0,0,0,1,0,0,32,,
Osnovna škola Komiža,0,0,0,0,0,0,0,,1,73 dana
Osnovna škola Konjščina,1,0,0,0,0,0,0,3,,
Osnovna škola Koprivnički Bregi,1,0,0,0,0,0,0,4,,
Osnovna škola Korog,0,0,0,0,0,0,0,,1,73 dana
Osnovna škola Kostrena,0,1,0,0,0,0,0,7,,
Osnovna škola Kotoriba,1,0,0,0,0,0,0,2,,
Osnovna škola Kozala,1,0,0,0,0,0,0,2,,
"Osnovna škola Kralja Tomislava, Našice",0,0,0,0,0,0,0,,1,73 dana
"Osnovna škola Kralja Tomislava, Udbina",0,0,0,0,0,0,0,,1,73 dana
"Osnovna škola Kralja Tomislava, Zagreb",0,1,0,0,0,0,0,8,,
Osnovna škola Kralja Zvonimira,0,0,0,0,1,0,0,21,,
Osnovna škola Kraljice Jelene,0,0,0,0,0,0,0,,1,73 dana
Osnovna škola Krapinske Toplice,0,0,0,0,0,0,0,,1,73 dana
"Osnovna škola Krune Krstića, Zadar",1,0,0,0,0,0,0,4,,
"Osnovna škola Ksavera Šandora Gjalskog, Zagreb",0,1,0,0,0,0,0,10,,
"Osnovna škola Ksavera Šandora Đalskog, Sveti Ivan Zelina",1,0,0,0,0,0,0,3,,
Osnovna škola Kula Norinska,0,0,0,0,0,0,0,,1,73 dana
Osnovna škola Kuna,0,0,1,0,0,0,0,12,,
Osnovna škola Kupljenovo,1,0,0,0,0,0,0,4,,
Osnovna škola Kuršanec,0,0,0,0,0,0,0,,1,73 dana
Osnovna škola Kustošija,0,0,1,0,0,0,0,11,,
Osnovna škola Ladimirevci,0,1,0,0,0,0,0,8,,
Osnovna škola Lapad,0,1,0,0,0,0,0,9,,
Osnovna škola Laslovo,0,0,0,0,0,0,0,,1,73 dana
Osnovna škola Lauder-Hugo Kon,1,0,0,0,0,0,0,3,,
Osnovna škola Legrad,1,0,0,0,0,0,0,5,,
Osnovna škola Lijepa Naša,0,1,0,0,0,0,0,6,,
Osnovna škola Lipik,1,0,0,0,0,0,0,3,,
Osnovna škola Lipovac,1,0,0,0,0,0,0,3,,
Osnovna škola Ljubešćica,0,1,0,0,0,0,0,8,,
Osnovna škola Ljubljanica Zagreb,0,0,0,0,0,0,0,,1,73 dana
"Osnovna škola Ljubo Babić, Jastrebarsko",0,0,0,0,0,0,0,,1,73 dana
"Osnovna škola Ljudevit Gaj, Krapina",1,0,0,0,0,0,0,4,,
"Osnovna škola Ljudevit Gaj, Lužani",0,0,0,0,0,0,0,,1,73 dana
"Osnovna škola Ljudevit Gaj, Mihovljan",0,1,0,0,0,0,0,7,,
Osnovna škola Ljudevita Gaja Nova Gradiška,0,1,0,0,0,0,0,8,,
"Osnovna škola Ljudevita Gaja, Osijek",1,0,0,0,0,0,0,5,,
"Osnovna škola Ljudevita Gaja, Zaprešić",0,1,0,0,0,0,0,7,,
"Osnovna škola Ljudevita Modeca, Križevci",1,0,0,0,0,0,0,3,,
Osnovna škola Lovas,0,0,0,0,0,0,0,,1,73 dana
Osnovna škola Lovinac,0,0,0,0,0,0,0,,1,73 dana
Osnovna škola Lovre Pl. Matačića,0,1,0,0,0,0,0,6,,
Osnovna škola Ludbreg,0,0,1,0,0,0,0,13,,
Osnovna škola Lug - Laskói Általános Iskola,0,1,0,0,0,0,0,6,,
Osnovna škola Luka,1,0,0,0,0,0,0,5,,
Osnovna škola Luka Botić,0,0,0,0,0,0,0,,1,73 dana
Osnovna škola Lučac,1,0,0,0,0,0,0,3,,
Osnovna škola Lučko,0,0,1,0,0,0,0,12,,
Osnovna škola Mahično,0,1,0,0,0,0,0,10,,
Osnovna škola Majstora Radovana,0,0,0,0,0,0,0,,1,73 dana
Osnovna škola Malešnica,0,0,0,0,0,0,0,,1,73 dana
Osnovna škola Manuš-Split,0,0,0,0,0,0,0,,1,73 dana
Osnovna škola Mare Švel-Gamiršek,1,0,0,0,0,0,0,2,,
Osnovna škola Maria Martinolića,1,0,0,0,0,0,0,2,,
Osnovna škola Marija Bistrica,0,0,0,0,0,0,0,,1,73 dana
"Osnovna škola Marije Jurić Zagorke, Zagreb",1,0,0,0,0,0,0,3,,
Osnovna škola Marije i Line,0,0,0,0,0,0,0,,1,73 dana
"Osnovna škola Marina Držića, Dubrovnik",0,0,0,0,0,0,0,,1,73 dana
"Osnovna škola Marina Držića, Zagreb",0,0,0,0,0,0,0,,1,73 dana
Osnovna škola Marina Getaldića,0,0,1,0,0,0,0,11,,
"Osnovna škola Marjan, Split",0,1,0,0,0,0,0,7,,
Osnovna škola Marka Marulića,0,0,0,0,0,0,0,,1,73 dana
Osnovna škola Markovac,0,1,0,0,0,0,0,10,,
Osnovna škola Markuševec,0,1,0,0,0,0,0,8,,
Osnovna škola Markušica,0,0,0,0,0,0,0,,1,73 dana
Osnovna škola Martijanec,0,0,0,0,1,0,0,25,,
Osnovna škola Marčana,0,0,1,0,0,0,0,14,,
Osnovna škola Mate Balote,0,0,0,0,0,0,0,,1,73 dana
Osnovna škola Mate Lovraka Petrinja,1,0,0,0,0,0,0,2,,
"Osnovna škola Mate Lovraka, Kutina",0,0,0,0,0,0,0,,1,73 dana
"Osnovna škola Mate Lovraka, Veliki Grđevac",1,0,0,0,0,0,0,3,,
"Osnovna škola Mate Lovraka, Vladislavci",0,0,0,0,0,0,0,,1,73 dana
"Osnovna škola Mate Lovraka, Zagreb",0,0,0,0,0,0,0,,1,73 dana
"Osnovna škola Mate Lovraka, Županja",1,0,0,0,0,0,0,4,,
"Osnovna škola Matija Antun Reljković, Cerna",0,1,0,0,0,0,0,8,,
"Osnovna škola Matija Antun Relković, Davor",0,1,0,0,0,0,0,10,,
"Osnovna škola Matija Gubec, Cernik",0,1,0,0,0,0,0,9,,
"Osnovna škola Matija Gubec, Jarmina",0,0,1,0,0,0,0,14,,
"Osnovna škola Matija Gubec, Magadenovac",1,0,0,0,0,0,0,2,,
"Osnovna škola Matija Gubec, Piškorevci",1,0,0,0,0,0,0,2,,
"Osnovna škola Matije Gupca, Gornja Stubica",1,0,0,0,0,0,0,4,,
"Osnovna škola Matije Gupca, Zagreb",0,1,0,0,0,0,0,10,,
"Osnovna škola Matije Petra Katančića, Valpovo",0,0,0,0,0,0,0,,1,73 dana
"Osnovna škola Matije Vlačića, Labin",0,0,0,0,0,0,0,,1,73 dana
Osnovna škola Matka Laginje,0,0,0,0,0,0,0,,1,73 dana
"Osnovna škola Mato Lovrak, Nova Gradiška",0,0,1,0,0,0,0,12,,
Osnovna škola Mače,0,0,0,0,0,0,0,,1,73 dana
Osnovna škola Medvedgrad,0,0,0,0,0,0,0,,1,73 dana
Osnovna škola Mejaši,0,1,0,0,0,0,0,8,,
Osnovna škola Meje,0,0,0,0,0,0,0,,1,73 dana
Osnovna škola Mertojak,1,0,0,0,0,0,0,3,,
"Osnovna škola Metel Ožegović, Radovan",1,0,0,0,0,0,0,4,,
Osnovna škola Mihaela Šiloboda,0,1,0,0,0,0,0,6,,
"Osnovna škola Mihovil Pavlek Miškina, Đelekovec",0,0,1,0,0,0,0,11,,
"Osnovna škola Mijat Stojanović, Babina Greda",0,0,0,0,0,0,0,,1,73 dana
Osnovna škola Mikleuš,0,1,0,0,0,0,0,9,,
Osnovna škola Milan Amruš,0,0,1,0,0,0,0,11,,
Osnovna škola Milan Brozović,0,0,0,0,0,0,0,,1,73 dana
Osnovna škola Milana Begovića,0,0,0,0,0,0,0,,1,73 dana
Osnovna škola Milana Langa Bregana,0,0,0,0,0,0,0,,1,73 dana
"Osnovna škola Milana Šorga, Oprtalj",0,0,0,0,0,0,0,,1,73 dana
"Osnovna škola Milka Cepelića, Vuka",1,0,0,0,0,0,0,5,,
Osnovna škola Milna,0,0,0,0,0,0,0,,1,73 dana
Osnovna škola Mirka Pereša,0,1,0,0,0,0,0,6,,
"Osnovna škola Miroslava Krleže, Čepin",1,0,0,0,0,0,0,5,,
"Osnovna škola Mladost, Jakšić",0,0,0,0,0,0,0,,1,73 dana
"Osnovna škola Mladost, Lekenik",0,0,0,0,0,0,0,,1,73 dana
"Osnovna škola Mladost, Osijek",0,0,0,0,0,0,0,,1,73 dana
"Osnovna škola Mladost, Zagreb",0,1,0,0,0,0,0,10,,
Osnovna škola Mljet,0,1,0,0,0,0,0,6,,
"Osnovna škola Mokošica, Dubrovnik",1,0,0,0,0,0,0,4,,
Osnovna škola Molve,1,0,0,0,0,0,0,4,,
Osnovna škola Monte Zaro,1,0,0,0,0,0,0,3,,
Osnovna škola Mrkopalj,1,0,0,0,0,0,0,2,,
Osnovna škola Murterski Škoji,0,0,0,0,0,0,0,,1,73 dana
Osnovna škola Nad lipom,0,0,0,0,0,0,0,,1,73 dana
Osnovna škola Nandi s pravom javnosti,0,0,0,0,0,0,0,,1,73 dana
Osnovna škola Nedelišće,1,0,0,0,0,0,0,3,,
Osnovna škola Negoslavci,1,0,0,0,0,0,0,2,,
Osnovna škola Neorić-Sutina,0,0,0,0,0,0,0,,1,73 dana
Osnovna škola Netretić,0,0,0,0,0,0,0,,1,73 dana
Osnovna škola Nikole Hribara,0,0,1,0,0,0,0,14,,
"Osnovna škola Nikole Tesle, Gračac",0,0,0,0,0,0,0,,1,73 dana
"Osnovna škola Nikole Tesle, Vinkovci",0,0,0,0,0,0,0,,1,73 dana
"Osnovna škola Nikole Tesle, Zagreb",0,0,0,0,0,0,0,,1,73 dana
Osnovna škola Nova Rača,0,1,0,0,0,0,0,8,,
Osnovna škola Novi Marof,0,0,0,0,0,0,0,,1,73 dana
Osnovna škola Novigrad,1,0,0,0,0,0,0,2,,
Osnovna škola Novska,0,0,0,0,0,0,0,,1,73 dana
Osnovna škola Obrovac,0,0,1,0,0,0,0,12,,
Osnovna škola Okučani,0,0,0,0,0,0,0,,1,73 dana
Osnovna škola Opuzen,0,0,0,0,0,0,0,,1,73 dana
Osnovna škola Orebić,0,1,0,0,0,0,0,10,,
Osnovna škola Orehovica,1,0,0,0,0,0,0,2,,
Osnovna škola Oroslavje,0,0,1,0,0,0,0,12,,
Osnovna škola Ostrog,0,1,0,0,0,0,0,9,,
Osnovna škola Otok,0,0,1,0,0,0,0,11,,
Osnovna škola Otona Ivekovića,0,1,0,0,0,0,0,7,,
Osnovna škola Otrići-Dubrave,0,1,0,0,0,0,0,6,,
Osnovna škola Pantovčak,1,0,0,0,0,0,0,5,,
Osnovna škola Pavao Belas,0,0,0,1,0,0,0,16,,
"Osnovna škola Pavla Štoosa, Kraljevec na Sutli",1,0,0,0,0,0,0,4,,
Osnovna škola Pavleka Miškine,0,0,0,0,0,0,0,,1,73 dana
Osnovna škola Pehlin,0,1,0,0,0,0,0,10,,
Osnovna škola Perušić,1,0,0,0,0,0,0,4,,
Osnovna škola Petar Berislavić,1,0,0,0,0,0,0,3,,
Osnovna škola Petar Lorini,0,0,0,0,0,0,0,,1,73 dana
"Osnovna škola Petar Zoranić, Nin",0,0,0,0,0,0,0,,1,73 dana
"Osnovna škola Petar Zoranić, Stankovci",1,0,0,0,0,0,0,5,,
"Osnovna škola Petar Zrinski, Čabar",0,0,0,0,0,0,0,,1,73 dana
"Osnovna škola Petar Zrinski, Šenkovec",1,0,0,0,0,0,0,5,,
Osnovna škola Petra Hektorovića Stari Grad,1,0,0,0,0,0,0,2,,
Osnovna škola Petra Kanavelića,0,0,0,0,0,0,0,,1,73 dana
Osnovna škola Petra Krešimira IV.,0,0,0,0,0,0,0,,1,73 dana
Osnovna škola Petra Kružića Klis,1,0,0,0,0,0,0,2,,
"Osnovna škola Petra Preradovića, Pitomača",0,0,0,0,0,0,0,,1,73 dana
"Osnovna škola Petra Preradovića, Zadar",0,0,1,0,0,0,0,14,,
"Osnovna škola Petra Preradovića, Zagreb",0,0,0,0,0,0,0,,1,73 dana
Osnovna škola Petra Studenca Kanfanar,0,0,0,0,0,0,0,,1,73 dana
Osnovna škola Petra Zoranića,0,0,1,0,0,0,0,12,,
Osnovna škola Petra Zrinskog,1,0,0,0,0,0,0,3,,
Osnovna škola Petrijevci,0,1,0,0,0,0,0,10,,
Osnovna škola Pećine,0,1,0,0,0,0,0,7,,
Osnovna škola Pirovac,0,0,0,0,0,0,0,,1,73 dana
Osnovna škola Plaški,0,1,0,0,0,0,0,10,,
Osnovna škola Plitvička Jezera,0,0,0,0,0,0,0,,1,73 dana
Osnovna škola Plokite,0,0,0,1,0,0,0,16,,
Osnovna škola Podmurvice,1,0,0,0,0,0,0,2,,
Osnovna škola Podrute,0,0,0,0,0,0,0,,1,73 dana
Osnovna škola Podturen,0,0,0,0,0,0,0,,1,73 dana
Osnovna škola Pojišan,0,0,0,0,0,0,0,,1,73 dana
Osnovna škola Pokupsko,1,0,0,0,0,0,0,2,,
Osnovna škola Polača,0,0,0,0,0,0,0,,1,73 dana
Osnovna škola Poličnik,0,0,0,0,0,0,0,,1,73 dana
Osnovna škola Popovača,0,1,0,0,0,0,0,6,,
Osnovna škola Posavski Bregi,1,0,0,0,0,0,0,4,,
Osnovna škola Prelog,1,0,0,0,0,0,0,4,,
Osnovna škola Prečko,1,0,0,0,0,0,0,3,,
Osnovna škola Primorje,0,0,0,0,0,0,0,,1,73 dana
Osnovna škola Primorski Dolac,1,0,0,0,0,0,0,4,,
Osnovna škola Privlaka,0,0,0,0,0,0,0,,1,73 dana
"Osnovna škola Prof. Blaž Mađer, Novigrad Podravski",1,0,0,0,0,0,0,2,,
Osnovna škola Prof. Franje Viktora Šignjara,1,0,0,0,0,0,0,5,,
Osnovna škola Pujanki,1,0,0,0,0,0,0,2,,
Osnovna škola Pučišća,0,0,0,0,0,0,0,,1,73 dana
Osnovna škola Pušća,0,0,0,0,0,0,0,,1,73 dana
Osnovna škola Rajić,0,1,0,0,0,0,0,6,,
Osnovna škola Rapska,0,0,0,0,0,0,0,,1,73 dana
Osnovna škola Ravne Njive,0,0,1,0,0,0,0,14,,
Osnovna škola Remete,0,0,0,1,0,0,0,17,,
Osnovna škola Retkovec,0,0,0,0,0,0,0,,1,73 dana
Osnovna škola Rikard Katalinić Jeretov,0,0,0,0,0,0,0,,1,73 dana
"Osnovna škola Rivarela, Novigrad",0,0,0,0,0,0,0,,1,73 dana
Osnovna škola Rogoznica,0,0,1,0,0,0,0,15,,
Osnovna škola Rovišće,1,0,0,0,0,0,0,3,,
Osnovna škola Rude,0,0,1,0,0,0,0,14,,
Osnovna škola Rudeš,0,0,0,0,0,0,0,,1,73 dana
Osnovna škola Rudolfa Strohala,1,0,0,0,0,0,0,2,,
Osnovna škola Rugvica,0,0,0,0,0,0,0,,1,73 dana
Osnovna škola Runović,1,0,0,0,0,0,0,2,,
Osnovna škola Samobor,0,0,0,0,0,0,0,,1,73 dana
Osnovna škola Savski Gaj,1,0,0,0,0,0,0,5,,
Osnovna škola Sela,0,0,0,0,0,0,0,,1,73 dana
Osnovna škola Selca,0,0,0,0,0,0,0,,1,73 dana
Osnovna škola Selnica,0,1,0,0,0,0,0,9,,
Osnovna škola Sesvete,0,1,0,0,0,0,0,10,,
Osnovna škola Sesvetska Sela,0,0,0,1,0,0,0,16,,
Osnovna škola Sesvetska Sopnica,1,0,0,0,0,0,0,5,,
Osnovna škola Sesvetski Kraljevec,0,0,0,0,0,0,0,,1,73 dana
Osnovna škola Side Košutić Radoboj,0,0,1,0,0,0,0,14,,
Osnovna škola Sidonije Rubido Erdody,0,0,0,0,0,0,0,,1,73 dana
"Osnovna škola Silvija Strahimira Kranjčevića, Lovreć",1,0,0,0,0,0,0,2,,
"Osnovna škola Silvija Strahimira Kranjčevića, Senj",1,0,0,0,0,0,0,2,,
"Osnovna škola Silvija Strahimira Kranjčevića, Zagreb",0,0,1,0,0,0,0,14,,
"Osnovna škola Silvije Strahimir Kranjčević, Levanjska Varoš",1,0,0,0,0,0,0,3,,
Osnovna škola Siniše Glavaševića,0,0,0,0,0,0,0,,1,73 dana
Osnovna škola Sirač,0,0,0,0,0,0,0,,1,73 dana
Osnovna škola Skakavac,0,0,0,0,0,0,0,,1,73 dana
Osnovna škola Skalice,1,0,0,0,0,0,0,3,,
Osnovna škola Skrad,1,0,0,0,0,0,0,3,,
Osnovna škola Skradin,0,0,0,0,0,0,0,,1,73 dana
Osnovna škola Slakovci,1,0,0,0,0,0,0,3,,
Osnovna škola Slano,1,0,0,0,0,0,0,2,,
Osnovna škola Slatine,0,1,0,0,0,0,0,6,,
"Osnovna škola Slava Raškaj, Ozalj",1,0,0,0,0,0,0,5,,
"Osnovna škola Slavka Kolara, Hercegovac",1,0,0,0,0,0,0,2,,
"Osnovna škola Slavka Kolara, Kravarsko",1,0,0,0,0,0,0,2,,
Osnovna škola Slunj,0,0,0,0,1,0,0,24,,
Osnovna škola Smiljevac,1,0,0,0,0,0,0,3,,
Osnovna škola Smokvica,0,0,0,0,0,0,0,,1,73 dana
Osnovna škola Sokolovac,0,0,0,0,0,0,0,,1,73 dana
Osnovna škola Spinut,0,0,0,0,0,0,0,,1,73 dana
Osnovna škola Split 3,0,0,0,0,0,0,0,,1,73 dana
Osnovna škola Sračinec,1,0,0,0,0,0,0,4,,
Osnovna škola Srdoči,1,0,0,0,0,0,0,2,,
Osnovna škola Srinjine,1,0,0,0,0,0,0,2,,
Osnovna škola Stanovi,0,0,0,0,0,0,0,,1,73 dana
Osnovna škola Stari Jankovci,1,0,0,0,0,0,0,2,,
Osnovna škola Stenjevec,1,0,0,0,0,0,0,5,,
"Osnovna škola Stjepan Radić, Dugo Selo",0,1,0,0,0,0,0,6,,
"Osnovna škola Stjepan Radić, Imotski",0,0,1,0,0,0,0,11,,
"Osnovna škola Stjepan Radić, Oprisavci",0,0,1,0,0,0,0,12,,
"Osnovna škola Stjepan Radić, Trilj",0,1,0,0,0,0,0,10,,
Osnovna škola Stjepana Antolovića,1,0,0,0,0,0,0,5,,
Osnovna škola Stjepana Basaričeka,0,0,1,0,0,0,0,11,,
Osnovna škola Stjepana Bencekovića,0,0,0,0,0,0,0,,1,73 dana
Osnovna škola Stjepana Cvrkovića,0,0,0,0,0,0,0,,1,73 dana
Osnovna škola Stjepana Ivičevića,0,0,1,0,0,0,0,11,,
Osnovna škola Stjepana Kefelje,0,0,0,0,0,0,0,,1,73 dana
Osnovna škola Stjepana Radića,0,0,0,0,0,0,0,,1,73 dana
Osnovna škola Stjepana Radića Čaglin,1,0,0,0,0,0,0,4,,
"Osnovna škola Stjepana Radića, Brestovec Orehovički",1,0,0,0,0,0,0,4,,
Osnovna škola Stjepana Radića-Bibinje,0,0,0,0,0,0,0,,1,73 dana
Osnovna škola Stobreč,0,1,0,0,0,0,0,8,,
Osnovna škola Stoja,0,0,0,0,0,0,0,,1,73 dana
Osnovna škola Ston,0,1,0,0,0,0,0,9,,
Osnovna škola Strahoninec,0,1,0,0,0,0,0,10,,
Osnovna škola Strožanac,0,1,0,0,0,0,0,9,,
Osnovna škola Stubičke Toplice,0,0,0,0,0,0,0,,1,73 dana
Osnovna škola Studenci,0,0,0,0,0,0,0,,1,73 dana
Osnovna škola Suhopolje,0,0,1,0,0,0,0,11,,
Osnovna škola Sukošan,0,0,1,0,0,0,0,15,,
Osnovna škola Sunja,0,1,0,0,0,0,0,8,,
Osnovna škola Supetar,0,0,0,0,0,0,0,,1,73 dana
Osnovna škola Sućidar,0,0,0,0,0,0,0,,1,73 dana
Osnovna škola Sv. Filip i Jakov,0,0,0,0,0,0,0,,1,73 dana
Osnovna škola Sveta Klara,0,0,0,0,0,0,0,,1,73 dana
Osnovna škola Sveta Marija,1,0,0,0,0,0,0,3,,
Osnovna škola Sveta Nedelja,0,1,0,0,0,0,0,9,,
Osnovna škola Svete Ane u Osijeku,1,0,0,0,0,0,0,3,,
Osnovna škola Sveti Križ Začretje,0,0,0,0,0,0,0,,1,73 dana
Osnovna škola Sveti Martin Na Muri,0,1,0,0,0,0,0,6,,
Osnovna škola Sveti Matej,0,1,0,0,0,0,0,6,,
Osnovna škola Svetvinčenat,1,0,0,0,0,0,0,3,,
Osnovna škola Svibovec,0,0,0,0,0,0,0,,1,73 dana
Osnovna škola Tar - Vabriga - Scuola Elementare Torre - Abrega,0,1,0,0,0,0,0,10,,
Osnovna škola Tenja,1,0,0,0,0,0,0,4,,
"Osnovna škola Tin Ujević, Krivodol",0,0,0,0,0,0,0,,1,73 dana
"Osnovna škola Tin Ujević, Osijek",1,0,0,0,0,0,0,5,,
"Osnovna škola Tina Ujevića, Zagreb",0,0,1,0,0,0,0,13,,
"Osnovna škola Tina Ujevića, Šibenik",0,0,1,0,0,0,0,12,,
Osnovna škola Tituša Brezovačkog,0,0,0,0,0,0,0,,1,73 dana
Osnovna škola Tomaša Goričanca Mala Subotica,0,1,0,0,0,0,0,10,,
Osnovna škola Tone Peruška Pula,0,0,0,1,0,0,0,16,,
Osnovna škola Tordinci,0,1,0,0,0,0,0,9,,
Osnovna škola Trilj,0,0,0,0,0,0,0,,1,73 dana
"Osnovna škola Trnjanska, Zagreb",0,0,0,0,0,0,0,,1,73 dana
Osnovna škola Trnovec,0,1,0,0,0,0,0,6,,
Osnovna škola Trnovitica,0,0,0,0,0,0,0,,1,73 dana
Osnovna škola Trnovitički Popovac,0,0,0,0,0,0,0,,1,73 dana
Osnovna škola Trnsko,0,0,0,0,0,0,0,,1,73 dana
Osnovna škola Trpanj,0,0,0,0,0,0,0,,1,73 dana
Osnovna škola Trpinja,0,0,0,0,0,0,0,,1,73 dana
Osnovna škola Trsat,1,0,0,0,0,0,0,2,,
Osnovna škola Trstenik,0,0,0,1,0,0,0,16,,
Osnovna škola Turanj,0,0,0,0,0,0,0,,1,73 dana
Osnovna škola Turnić,0,0,1,0,0,0,0,11,,
Osnovna škola Tučepi,0,0,0,0,1,0,0,25,,
Osnovna škola Tužno,0,0,1,0,0,0,0,11,,
Osnovna škola Vazmoslav Gržalja,1,0,0,0,0,0,0,4,,
Osnovna škola Vela Luka,1,0,0,0,0,0,0,2,,
Osnovna škola Veli Vrh Pula,1,0,0,0,0,0,0,2,,
Osnovna škola Velika Ludina,0,0,0,0,0,0,0,,1,73 dana
Osnovna škola Velika Mlaka,0,0,0,0,0,0,0,,1,73 dana
Osnovna škola Velika Pisanica,1,0,0,0,0,0,0,3,,
Osnovna škola Veliki Bukovec,0,0,1,0,0,0,0,13,,
Osnovna škola Veliko Trgovišće,0,0,0,0,0,0,0,,1,73 dana
Osnovna škola Veliko Trojstvo,1,0,0,0,0,0,0,3,,
Osnovna škola Veruda Pula,0,1,0,0,0,0,0,6,,
Osnovna škola Većeslava Holjevca,1,0,0,0,0,0,0,2,,
Osnovna škola Vidici,0,0,0,0,0,0,0,,1,73 dana
Osnovna škola Vidikovac,0,0,0,0,0,0,0,,1,73 dana
Osnovna škola Vidovec,0,0,1,0,0,0,0,12,,
Osnovna škola Vijenac,0,0,0,0,0,0,0,,1,73 dana
"Osnovna škola Viktor Car Emin, Donji Andrijevci",0,0,0,0,0,0,1,68,,
Osnovna škola Viktora Cara Emina,0,0,1,0,0,0,0,12,,
Osnovna škola Viktora Kovačića,0,0,0,0,0,0,0,,1,73 dana
Osnovna škola Viktorovac,0,1,0,0,0,0,0,10,,
Osnovna škola Vilima Korajca,1,0,0,0,0,0,0,3,,
Osnovna škola Vinica,0,0,0,0,0,0,0,,1,73 dana
Osnovna škola Vis,0,0,0,0,0,0,0,,1,73 dana
Osnovna škola Visoka,0,0,0,0,0,0,0,,1,73 dana
Osnovna škola Vitomir Širola - Pajo,0,1,0,0,0,0,0,6,,
Osnovna škola Višnjevac,1,0,0,0,0,0,0,4,,
Osnovna škola Vjekoslav Klaić,0,1,0,0,0,0,0,7,,
Osnovna škola Vjekoslava Kaleba,0,1,0,0,0,0,0,8,,
Osnovna škola Vjekoslava Paraća,1,0,0,0,0,0,0,3,,
Osnovna škola Vjenceslava Novaka,1,0,0,0,0,0,0,3,,
"Osnovna škola Vladimir Nazor, Budinšćina",0,1,0,0,0,0,0,7,,
"Osnovna škola Vladimir Nazor, Duga Resa",0,0,0,0,0,0,0,,1,73 dana
"Osnovna škola Vladimir Nazor, Križevci",0,0,0,0,0,0,0,,1,73 dana
"Osnovna škola Vladimir Nazor, Neviđane",0,0,0,0,0,0,0,,1,73 dana
"Osnovna škola Vladimir Nazor, Pisarovina",0,0,0,0,0,0,0,,1,73 dana
"Osnovna škola Vladimir Nazor, Ploče",0,1,0,0,0,0,0,8,,
"Osnovna škola Vladimir Nazor, Slavonski Brod",0,0,1,0,0,0,0,11,,
"Osnovna škola Vladimir Nazor, Sveti Ilija",0,0,0,1,0,0,0,17,,
"Osnovna škola Vladimir Nazor, Topusko",0,0,0,0,0,0,0,,1,73 dana
"Osnovna škola Vladimir Nazor, Virovitica",0,0,1,0,0,0,0,12,,
"Osnovna škola Vladimir Nazor, Čepin",1,0,0,0,0,0,0,2,,
"Osnovna škola Vladimir Nazor, Đakovo",0,1,0,0,0,0,0,8,,
Osnovna škola Vladimira Becića Osijek,1,0,0,0,0,0,0,2,,
Osnovna škola Vladimira Gortana,0,0,1,0,0,0,0,13,,
Osnovna škola Vladimira Nazora - Scuola Elementare Vladimir Nazor,0,1,0,0,0,0,0,9,,
Osnovna škola Vladimira Nazora - Škabrnja,0,0,0,0,0,0,0,,1,73 dana
Osnovna škola Vladimira Nazora Pazin,0,0,0,0,0,0,0,,1,73 dana
"Osnovna škola Vladimira Nazora, Crikvenica",1,0,0,0,0,0,0,2,,
"Osnovna škola Vladimira Nazora, Daruvar",1,0,0,0,0,0,0,4,,
"Osnovna škola Vladimira Nazora, Feričanci",1,0,0,0,0,0,0,2,,
"Osnovna škola Vladimira Nazora, Krnica",0,1,0,0,0,0,0,9,,
"Osnovna škola Vladimira Nazora, Nova Bukovica",0,0,0,0,0,0,0,,1,73 dana
"Osnovna škola Vladimira Nazora, Postira",0,0,0,0,0,0,0,,1,73 dana
"Osnovna škola Vladimira Nazora, Potpićan",1,0,0,0,0,0,0,2,,
"Osnovna škola Vladimira Nazora, Vinkovci",1,0,0,0,0,0,0,3,,
"Osnovna škola Vladimira Nazora, Vrsar",0,0,1,0,0,0,0,13,,
"Osnovna škola Vladimira Nazora, Zagreb",0,1,0,0,0,0,0,9,,
"Osnovna škola Vladimira Nazora, Čakovec",0,1,0,0,0,0,0,8,,
Osnovna škola Vladimira Vidrića,0,0,0,0,0,0,0,,1,73 dana
Osnovna škola Vodnjan - Scuola Elementare Dignano,1,0,0,0,0,0,0,2,,
Osnovna škola Vojnić,1,0,0,0,0,0,0,3,,
Osnovna škola Voltino,0,1,0,0,0,0,0,6,,
Osnovna škola Voćin,0,0,0,0,0,0,0,,1,73 dana
Osnovna škola Vođinci,1,0,0,0,0,0,0,2,,
Osnovna škola Voštarnica - Zadar,0,0,0,0,0,0,0,,1,73 dana
Osnovna škola Vrbani,0,0,0,0,0,0,0,,1,73 dana
Osnovna škola Vrgorac,1,0,0,0,0,0,0,2,,
Osnovna škola Vrpolje,0,0,0,0,0,0,0,,1,73 dana
Osnovna škola Vukomerec,1,0,0,0,0,0,0,2,,
Osnovna škola Vukovina,0,0,0,0,0,0,0,,1,73 dana
Osnovna škola Zadarski Otoci - Zadar,0,1,0,0,0,0,0,10,,
Osnovna škola Zagvozd,0,0,0,0,0,0,0,,1,73 dana
Osnovna škola Zamet,1,0,0,0,0,0,0,3,,
Osnovna škola Zapruđe,0,0,0,0,0,0,0,,1,73 dana
Osnovna škola Zemunik,0,0,0,0,0,0,0,,1,73 dana
Osnovna škola Zlatar Bistrica,0,0,1,0,0,0,0,11,,
Osnovna škola Zmajevac,0,0,0,1,0,0,0,16,,
Osnovna škola Zmijavci,0,0,0,1,0,0,0,16,,
Osnovna škola Zrinskih Nuštar,0,0,0,0,0,0,0,,1,73 dana
Osnovna škola Zrinskih i Frankopana,0,1,0,0,0,0,0,6,,
Osnovna škola Zvonimira Franka,0,0,0,0,0,0,0,,1,73 dana
Osnovna škola Zvonka Cara,0,0,0,0,0,0,0,,1,73 dana
Osnovna škola don Lovre Katića,1,0,0,0,0,0,0,5,,
"Osnovna škola don Mihovila Pavlinovića, Metković",0,0,0,1,0,0,0,17,,
"Osnovna škola don Mihovila Pavlinovića, Podgora",1,0,0,0,0,0,0,2,,
Osnovna škola dr. Branimira Markovića,0,0,0,0,0,0,0,,1,73 dana
"Osnovna škola dr. Franje Tuđmana, Brela",0,0,0,0,0,0,0,,1,73 dana
"Osnovna škola dr. Franje Tuđmana, Knin",0,0,0,0,0,0,0,,1,73 dana
Osnovna škola dr. Ivana Novaka Macinec,1,0,0,0,0,0,0,2,,
"Osnovna škola dr. Josipa Pančića, Bribir",0,0,0,0,0,0,0,,1,73 dana
Osnovna škola dr. Jure Turića,0,0,1,0,0,0,0,12,,
Osnovna škola dr. Mate Demarina,0,0,0,0,0,0,0,,1,73 dana
Osnovna škola dr. Vinka Žganca,0,0,0,1,0,0,0,17,,
Osnovna škola dr. Vinka Žganca Vratišinec,0,0,0,0,0,0,0,,1,73 dana
Osnovna škola fra Kaje Adžića Pleternica,1,0,0,0,0,0,0,3,,
Osnovna škola oca Petra Perice Makarska,0,0,0,0,0,0,0,,1,73 dana
Osnovna škola pri Specijalnoj bolnici za medicinsku rehabilitaciju Krapinske Toplice,1,0,0,0,0,0,0,2,,
Osnovna škola prof. Filipa Lukasa,0,0,0,0,0,0,0,,1,73 dana
Osnovna škola u Đulovcu,0,0,0,0,0,0,0,,1,73 dana
Osnovna škola Čakovci,0,1,0,0,0,0,0,8,,
Osnovna škola Čavle,0,0,0,0,0,0,0,,1,73 dana
Osnovna škola Čazma,0,0,0,0,0,0,0,,1,73 dana
Osnovna škola Čeminac,0,0,0,0,0,0,0,,1,73 dana
Osnovna škola Čista Velika,0,1,0,0,0,0,0,7,,
Osnovna škola Čučerje,1,0,0,0,0,0,0,2,,
Osnovna škola Đakovački Selci,0,0,0,0,0,0,0,,1,73 dana
"Osnovna škola Đure Deželića, Ivanić Grad",0,1,0,0,0,0,0,8,,
Osnovna škola Đure Prejca Desinić,0,0,0,0,0,0,0,,1,73 dana
Osnovna škola Đurmanec,1,0,0,0,0,0,0,2,,
Osnovna škola Šemovec,0,0,0,0,0,0,0,,1,73 dana
Osnovna škola Šestine,0,0,0,0,0,0,0,,1,73 dana
Osnovna škola Šećerana,0,0,0,0,0,0,0,,1,73 dana
Osnovna škola Šijana Pula,0,1,0,0,0,0,0,6,,
Osnovna škola Šime Budinića - Zadar,0,1,0,0,0,0,0,9,,
Osnovna škola Šimuna Kožičića Benje,0,0,0,0,0,0,0,,1,73 dana
Osnovna škola Škurinje Rijeka,0,0,0,0,0,0,0,,1,73 dana
Osnovna škola Špansko Oranice,0,0,1,0,0,0,0,11,,
Osnovna škola Štefanje,0,0,0,0,0,0,0,,1,73 dana
Osnovna škola Švarča,0,0,0,0,0,0,0,,1,73 dana
Osnovna škola Žakanje,0,0,1,0,0,0,0,11,,
Osnovna škola Žitnjak,0,0,0,0,0,0,0,,1,73 dana
Osnovna škola Žrnovnica,0,1,0,0,0,0,0,7,,
Osnovna škola Župa Dubrovačka,0,0,0,0,0,0,0,,1,73 dana
Osnovna škola Žuti Brijeg,1,0,0,0,0,0,0,2,,
Politehnika Pula - Visoka tehničko-poslovna škola s pravom javnosti,0,0,0,0,0,0,0,,1,73 dana
Poljoprivredna i veterinarska škola Osijek,0,0,1,0,0,0,0,13,,
Poljoprivredna škola,0,1,0,0,0,0,0,7,,
"Poljoprivredna, prehrambena i veterinarska škola Stanka Ožanića",0,0,0,0,0,0,0,,1,73 dana
Poljoprivredno šumarska škola Vinkovci,0,1,0,0,0,0,0,10,,
Poljoprivredno-prehrambena škola,1,0,0,0,0,0,0,2,,
Pomorska škola,0,0,0,0,0,0,0,,1,73 dana
Pomorska škola Zadar,0,0,0,0,0,0,0,,1,73 dana
"Pomorska škola, Split",1,0,0,0,0,0,0,4,,
Pomorsko-tehnička škola Dubrovnik,0,0,0,0,0,0,0,,1,73 dana
Povjerenik za informiranje,1,0,0,0,1,0,0,12.5,,
Poštanska i telekomunikacijska škola,1,0,0,0,0,0,0,2,,
Požeško-slavonska županija,0,0,1,0,0,0,0,14,,
Prehrambeno tehnološka škola,1,0,0,0,0,0,0,2,,
Primorsko-goranska županija,0,1,0,0,0,0,0,8,,
Prirodoslovna i grafička škola Rijeka,1,0,0,0,0,0,0,5,,
Prirodoslovna škola Karlovac,1,0,0,0,0,0,0,2,,
Prirodoslovna škola Vladimira Preloga,0,1,0,0,0,0,0,7,,
Privatna gimnazija i ekonomska škola Katarina Zrinski,0,0,0,1,0,0,0,18,,
"Privatna jezična gimnazija Pitagora, Split",1,0,0,0,0,0,0,3,,
Privatna osnovna škola Libar,0,0,0,0,0,0,0,,1,73 dana
Privatna osnovna škola Nova,1,0,0,0,0,0,0,3,,
Privatna srednja ekonomska škola INOVA s pravom javnosti,1,0,0,0,0,0,0,4,,
Privatna srednja ugostiteljska škola 'Wallner',0,0,0,0,0,0,0,,1,73 dana
"Privatna srednja škola 'Marko Antun de Dominis', s pravom javnosti",0,0,0,0,0,0,0,,1,73 dana
Privatna srednja škola Varaždin s pravom javnosti,1,0,0,0,0,0,0,2,,
Prometna škola Rijeka,1,0,0,0,0,0,0,5,,
"Psihijatrijska bolnica Lopača, Rijeka",0,1,0,0,0,0,0,6,1,169 dana
Psihijatrijska bolnica Rab,0,0,1,0,1,0,0,18,,
"Psihijatrijska bolnica Sveti Ivan, Zagreb",0,0,0,0,0,0,1,174,,
"Psihijatrijska bolnica Sveti Rafael, Strmac",0,0,1,0,0,0,0,13,,
Psihijatrijska bolnica Ugljan,0,1,0,0,0,0,0,8,1,169 dana
Psihijatrijska bolnica za djecu i mladež,0,0,1,0,0,0,0,11,,
"Razvojna agencija Mrav, Kutina",1,0,0,0,0,0,0,1,,
Savjetodavna služba,0,0,0,0,0,0,0,,1,166 dana
Sisačko-moslavačka županija,1,0,0,0,0,0,0,4,,
Specijalna bolnica za kronične bolesti dječje dobi Gornja Bistra,0,0,0,1,0,0,0,17,,
"Specijalna bolnica za medicinsku rehabilitaciju Biokovka, Makarska",1,0,0,0,0,0,0,2,,
Specijalna bolnica za medicinsku rehabilitaciju Daruvarske Toplice,0,0,0,1,0,0,0,19,,
"Specijalna bolnica za medicinsku rehabilitaciju Kalos, Vela Luka",0,0,0,0,1,0,0,27,,
Specijalna bolnica za medicinsku rehabilitaciju Krapinske Toplice,0,1,0,0,0,0,1,44.5,,
Specijalna bolnica za medicinsku rehabilitaciju Lipik,1,0,0,0,0,0,1,41.5,,
"Specijalna bolnica za medicinsku rehabilitaciju Naftalan, Ivanić Grad",0,0,1,0,1,0,0,19.5,,
"Specijalna bolnica za medicinsku rehabilitaciju Primorsko-goranske županije, Thalassotherapia Crikvenica",0,0,0,0,0,0,2,120.5,,
Specijalna bolnica za medicinsku rehabilitaciju Stubičke Toplice,1,0,0,0,0,0,0,2,,
Specijalna bolnica za medicinsku rehabilitaciju Varaždinske Toplice,1,0,0,0,0,0,0,2,,
"Specijalna bolnica za medicinsku rehabilitaciju bolesti srca, pluća i reumatizma, Thalassotherapia Opatija",0,0,0,0,0,0,2,95.5,,
Specijalna bolnica za ortopediju Biograd na moru,0,1,0,0,0,0,0,10,,
Specijalna bolnica za plućne bolesti,0,1,1,0,0,0,0,11,,
"Specijalna bolnica za produženo liječenje, Duga Resa",0,0,0,0,0,0,2,96.5,,
"Specijalna bolnica za zaštitu djece s neurorazvojnim i motoričkim smetnjama, Zagreb",0,1,0,0,0,0,0,7,,
Splitsko-dalmatinska županija,0,0,0,0,0,0,0,,1,254 dana
Sveučilište Josipa Jurja Strossmayera u Osijeku,0,0,1,0,0,0,0,15,,
Sveučilište Jurja Dobrile u Puli,0,0,1,0,0,0,0,11,,
Sveučilište Sjever,0,0,0,0,0,0,0,,1,191 dana
Sveučilište u Dubrovniku,0,0,0,2,0,0,0,19,,
Sveučilište u Rijeci,0,0,0,1,0,0,0,20,1,191 dana
Sveučilište u Splitu,0,0,0,0,0,0,0,,2,191 dana
Sveučilište u Zadru,1,0,2,0,0,0,0,12,,
Sveučilište u Zagrebu,0,0,0,0,1,0,0,25,,
"Sveučilište u Zagrebu, Studentski centar u Zagrebu",0,0,0,0,0,0,0,,1,243 dana
"Sveučilište u Zagrebu, Veterinarski fakultet",0,0,0,0,0,0,0,,1,65 dana
"Tekstilno-tehnološki fakultet, Sveučilište u Zagrebu",0,0,0,0,0,0,0,,1,65 dana
Topana,0,0,0,0,0,0,0,,1,247 dana
Turistička zajednica Grada Buzeta,0,1,0,0,0,0,0,6,,
Turistička zajednica Grada Samobora,0,0,0,0,0,0,0,,1,3 dana
Turistička zajednica Općine Bale,1,0,0,0,0,0,0,1,,
Turistička zajednica Općine Jelenje,0,0,0,0,1,0,0,36,,
Turistička zajednica Posedarje,0,0,1,0,0,0,0,11,,
Turistička zajednica Slavonski Brod,0,1,0,0,0,0,0,10,,
Turistička zajednica Virovitica,0,1,0,0,0,0,0,6,,
Turistička zajednica grada Nova Gradiška,0,0,0,0,0,0,0,,1,45 dana
"Univerzal, Đakovo",0,0,0,0,0,0,0,,1,103 dana
Ured Predsjednika Republike Hrvatske,1,0,2,0,0,0,1,11,,
Ured državne uprave u Bjelovarsko-bilogorskoj županiji,1,1,0,0,0,0,0,4.5,,
Ured državne uprave u Brodsko-posavskoj županiji,0,2,0,0,0,0,0,9,,
Ured državne uprave u Dubrovačko-neretvanskoj županiji,0,0,1,0,0,0,0,12,1,78 dana
Ured državne uprave u Istarskoj županiji,0,0,0,1,0,0,0,16,1,27 dana
Ured državne uprave u Karlovačkoj županiji,1,0,1,0,0,0,0,6.5,,
Ured državne uprave u Koprivničko-križevačkoj županiji,0,1,1,0,0,0,0,9,,
Ured državne uprave u Krapinsko-zagorskoj županiji,0,1,0,0,0,0,0,8,1,18 dana
Ured državne uprave u Ličko-senjskoj županiji,0,0,0,0,1,0,0,23,1,18 dana
Ured državne uprave u Međimurskoj županiji,1,1,0,0,0,0,0,6.5,,
Ured državne uprave u Osječko-baranjskoj županiji,1,1,0,0,0,0,0,6.5,1,18 dana
"Ured državne uprave u Požeško-slavonskoj županiji, Požega",0,1,0,0,0,0,0,7,1,18 dana
Ured državne uprave u Primorsko-goranskoj županiji,1,0,0,0,0,0,0,2,,
Ured državne uprave u Sisačko-moslavačkoj županiji,0,1,0,0,0,0,0,9,,
Ured državne uprave u Splitsko-dalmatinskoj županiji,0,0,0,0,0,1,0,43,,
Ured državne uprave u Varaždinskoj županiji,0,0,0,0,0,0,0,,1,78 dana
Ured državne uprave u Virovitičko-podravskoj županiji,0,1,0,0,0,0,0,7,,
Ured državne uprave u Vukovarsko-srijemskoj županiji,0,0,0,0,0,0,0,,2,136 dana
Ured državne uprave u Zadarskoj županiji,0,0,1,0,0,0,0,11,,
Ured državne uprave u Zagrebačkoj županiji,0,0,0,0,0,0,0,,1,78 dana
Ured državne uprave u Šibensko-kninskoj županiji,0,0,0,0,1,0,0,24,,
Ustanova za zdravstvenu njegu u kući Karlovac,0,0,0,0,0,0,1,99,,
Ustanova za zdravstvenu njegu u kući Zagreb,1,0,0,0,0,0,0,2,,
Varaždinska županija,0,1,0,0,0,0,0,7,,
Vinodolska općina,0,0,0,0,0,0,0,,1,162 dana
Virovitičko-podravska županija,0,1,0,0,0,0,0,10,,
Vlada Republike Hrvatske,2,2,1,1,1,0,0,6,3,165 dana
Vukovarsko-srijemska županija,0,0,0,0,1,0,0,25,,
Zadarska županija,0,0,1,0,0,0,0,11,,
Zagrebačka županija,0,0,1,1,0,0,0,14.5,,
Zagrebački holding,1,5,0,0,1,0,1,7,2,179 dana
Zaklada Hrvatska kuća,0,0,1,0,0,0,0,11,,
Zavod za prostorno uređenje Bjelovarsko-bilogorske županije,1,0,0,0,0,0,0,1,,
Zavod za prostorno uređenje Brodsko-posavske županije,0,0,0,0,0,0,0,,1,19 dana
Zavod za prostorno uređenje Dubrovačko-neretvanske županije,0,0,0,0,0,0,0,,1,19 dana
Zavod za prostorno uređenje Grada Zagreba,0,0,0,0,0,0,0,,1,19 dana
Zavod za prostorno uređenje Istarske županije,0,0,0,0,0,0,0,,1,19 dana
Zavod za prostorno uređenje Karlovačke županije,0,0,0,0,0,0,0,,1,19 dana
Zavod za prostorno uređenje Koprivničko-križevačke županije,1,0,0,0,0,0,0,5,,
Zavod za prostorno uređenje Krapinsko-zagorske županije,0,0,1,0,0,0,0,12,,
Zavod za prostorno uređenje Ličko-senjske županije,0,0,0,0,0,0,0,,1,19 dana
Zavod za prostorno uređenje Međimurske županije,0,0,0,0,0,0,0,,1,19 dana
Zavod za prostorno uređenje Osječko-baranjske županije,0,0,0,0,0,0,0,,1,19 dana
Zavod za prostorno uređenje Požeško-slavonske županije,0,1,0,0,0,0,0,7,,
Zavod za prostorno uređenje Primorsko-goranske županije,0,0,0,0,0,0,0,,1,19 dana
Zavod za prostorno uređenje Sisačko-moslavačke županije,0,0,0,0,0,0,0,,1,19 dana
Zavod za prostorno uređenje Splitsko-dalmatinske županije,0,0,0,0,0,0,0,,1,19 dana
Zavod za prostorno uređenje Virovitičko-podravske županije,0,0,0,0,0,0,0,,1,19 dana
Zavod za prostorno uređenje Vukovarsko-srijemske županije,0,0,0,0,0,0,0,,1,19 dana
Zavod za prostorno uređenje Zadarske županije,0,1,0,0,0,0,0,10,,
Zavod za prostorno uređenje Zagrebačke županije,1,0,0,0,0,0,0,1,,
Zavod za prostorno uređenje Šibensko-kninske županije,0,0,0,0,0,0,0,,1,19 dana
"Zavod za vještačenje, profesionalnu rehabilitaciju i zapošljavanje osoba s invaliditetom",0,0,1,0,1,0,0,19,,
"Zoološki vrt Grada Zagreba, Zagreb",0,1,0,0,0,0,0,9,,
Češka osnovna škola Jana Amosa Komenskog Daruvar,0,0,0,0,0,0,0,,1,73 dana
Češka osnovna škola Josipa Ružičke,1,0,0,0,0,0,0,2,,
"Čistoća, Split",0,0,0,0,0,0,0,,1,254 dana
Šibensko-kninska županija,0,0,0,0,0,0,0,,1,254 dana
"Škola za dizajn, grafiku i održivu gradnju",0,0,0,0,0,0,0,,1,73 dana
Županijska bolnica Čakovec,0,2,0,0,0,0,0,9,,
,,,,,,,,,,
Neka upozorenja,,,,,,,,,,
Imajte na umu ograničenja u uvjetima izrade ove statistike:,,,,,,,,,,
Datum završetka je pretpostavljen da je posljednji odgovor koji se podudara s konačnim statusom.,,,,,,,,,,
Svrstavanje statusa zahtjeva koje radi korisnik smatra se točnim.,,,,,,,,,,
Datum završetka ne uzima u obzir odgode poput produženja roka za odgovor ili roka za zahtjev za dopunu ili ispravak.,,,,,,,,,,
"Ustupanje zahtjeva nije nužno uzet u u obzir, prikazano je prvo tijelo kojemu je dostavljen zahtjev.",,,,,,,,,,
Iznimno ustupanje pojedinog zahtjeva jednom tijelu i kada je korisnik obavijestio administratore biti će uzeti u obzir.,,,,,,,,,,
Zahtjevima se smatraju sve podvrste zahtjeva za pristup informacijama prema Zakonu o pravu na pristup informacijama.,,,,,,,,,,
Ovaj izvještaj kreiran je na dan 31. prosinca 2015. te prikazuje stanje na taj dan i kasnije izmjene ovdje više neće biti ažurirane.,,,,,,,,,,
