"rb";"nazivDobavljaca";"nazivPruzatelja";"oib";"adresaPruzatelja";"rbDatumRacuna";"brMedijskihUsluga";"iznosCijeneBezPopusta";"popustPostotak";"placeniIznosPopust";"obveznik_id"
"1";"SMART CONTENT d.o.o.";"SMART CONTENT d.o.o.";"68260978851";"Supilova 7 b, Varaždin";"P-5 / 02.12.2019";"2";4000;0;5000;"1281936494"
"2";"NOVI RADIO ZADAR d.o.o.";"NOVI RADIO ZADAR d.o.o.";"04264470662";"Splitska ulica 3., Zadar";"P-2019-1073 / 03.12.2019";"21";4584;0;5730;"1281936494"
"3";"UDRUGA VALPOVŠTINA INFO";"UDRUGA VALPOVŠTINA INFO";"21052285331";"Augusta Šenoe 11., Belišće";"19-360-000134 / 05.12.2019";"1";800;0;800;"1281936494"
"4";"057 j.d.o.o.";"057 j.d.o.o.";"14981286503";"Polačišće 4., Zadar";"64-01-91 / 06.12.2019";"10";1875;0;1875;"1281936494"
"5";"ELEKTRONSKI ZADAR d.o.o.";"ELEKTRONSKI ZADAR d.o.o.";"33256368577";"Obala kneza Trpimira 2., Zadar";"156/1/1/2019 / 06.12.2019";"3";2250;0;2250;"1281936494"
"6";"OSJEČKA TELEVIZIJA-OAR d.o.o.";"OSJEČKA TELEVIZIJA-OAR d.o.o.";"26045420112";"Ulica Sv. Leopolda B. Mandića 50 a, Osijek";"P-107/19 / 06.12.2019";"2";4000;20;4000;"1281936494"
"7";"057 j.d.o.o.";"057 j.d.o.o.";"14981286503";"Polačišće 4., Zadar";"65-01-91 / 09.12.2019";"15";3000;0;3000;"1281936494"
"8";"DIADORA MEDIA d.o.o.";"DIADORA MEDIA d.o.o.";"67146130783";"Put Pudarice 11 H, Zadar";"287/1/1 / 09.12.2019";"1";1500;0;1875;"1281936494"
"9";"FINESA CONSORS d.o.o.";"FINESA CONSORS d.o.o.";"27496296991";"I. Kukljevića 23., Varaždin";"782/02/3 / 09.12.2019";"4";400;0;500;"1281936494"
"10";"HRVATSKA RADIOTELEVIZIJA";"HRVATSKA RADIOTELEVIZIJA -RADIO ZADAR";"68419124305";"112. brigade 5., Zadar";"P-60-8600-2 / 09.12.2019";"15";2266;50;1416.25;"1281936494"
"11";"LALS MEDIA d.o.o.";"LALS MEDIA d.o.o.";"63064432125";"Polje Krapinsko 151., Krapina";"P-01-020-01 / 09.12.2019";"20";3200;0;4000;"1281936494"
"12";"PLANMEDIA d.o.o.";"PLANMEDIA d.o.o.";"64292010696";"Florijanski trg 15., Koprivnica";"778/1/1 / 09.12.2019";"1";6000;5;7125;"1281936494"
"13";"RADIO GORSKI KOTAR d.o.o.";"RADIO GORSKI KOTAR d.o.o.";"73841607414";"Trg 138. brigade HV 4., Delnice";"P-201/19 / 09.12.2019";"9";506.25;10;455.63;"1281936494"
"14";"RTD d.o.o.";"RTD d.o.o.";"70786957047";"Grgura Mrganića 6., Zadar";"1450-VP1-2 / 09.12.2019";"1";1600;0;2000;"1281936494"
"15";"VOX MEDIA d.o.o.";"VOX MEDIA d.o.o.";"90919935919";"Gajeva 17., Varaždin";"307/1/1 / 09.12.2019";"1";500;0;625;"1281936494"
"16";"RADIO STUBICA d.o.o.";"RADIO STUBICA d.o.o.";"29215553930";"Toplička 10/II, Donja Stubica";"P-10-12-2019 / 10.12.2019";"8";4000;0;5000;"1281936494"
"17";"SLAVONSKA POSAVINA d.o.o.";"SLAVONSKA POSAVINA d.o.o.";"08220453686";"Mile Budaka 1, Slavonski Brod";"P-10122019 / 10.12.2019";"1";2000;0;2500;"1281936494"
"18";"UDRUGA TELESKOP MEDIA";"UDRUGA TELESKOP MEDIA";"85221036911";"Bijenik 40 a, Zagreb";"16/1/1 / 10.12.2019";"500000";44000;30;30800;"1281936494"
"19";"VARAŽDINSKE VIJESTI d.d.";"VARAŽDINSKE VIJESTI d.d.";"89407840770";"Supilova 7b, Varaždin";"2945/V/1 / 10.12.2019";"1";4375;0;4375;"1281936494"
"20";"ZAGORJE DIGITAL d.o.o.";"ZAGORJE DIGITAL d.o.o.";"77955797727";"K.Š. Đalskog 2., Zabok";"154-01-01 / 10.12.2019";"10";2000;0;2500;"1281936494"
"21";"HANZA MEDIA d.o.o.";"HANZA MEDIA d.o.o.";"79517545745";"KORANSKA 2., Zagreb";"18083-0102-1 / 11.12.2019";"1";10000;0;12500;"1281936494"
"22";"HILARIS d.o.o.";"HILARIS d.o.o.";"53549881025";"Ulica kralja Tomislava 2., Imotski";"247/1/1 / 11.12.2019";"500";500;0;625;"1281936494"
"23";"HRVATSKI RADIO KARLOVAC d.o.o.";"HRVATSKI RADIO KARLOVAC d.o.o.";"55570691155";"Ambroza Vranyczanya 2., Karlovac";"322-1-1 / 11.12.2019";"1";2650;0;3312.5;"1281936494"
"24";"IN PROMOCIJA d.o.o.";"IN PROMOCIJA d.o.o.";"58110346325";"Nikole Tesle 1/A, Mala Subotica";"1053-1-1 / 11.12.2019";"1";5000;20;5000;"1281936494"
"25";"IN PROMOCIJA d.o.o.";"IN PROMOCIJA d.o.o.";"58110346325";"Nikole Tesle 1/A, Mala Subotica";"1053-1-1 / 11.12.2019";"1";2000;25;1875;"1281936494"
"26";"MEDIARITAM d.o.o.";"RADIO KAJ d.o.o.";"95283343666";"Haendelova 4, Zagreb";"467-1131/PP1/1 / 11.12.2019";"8";8000;0;10000;"1281936494"
"27";"MEDIARITAM d.o.o.";"Zagorski radio d.o.o.";"95283343666";"Ulica Frana Galovića 1 A, Krapina";"468-1131/PP1/1 / 11.12.2019";"12";2400;0;3000;"1281936494"
"28";"LASICA d.o.o.,";"LASICA d.o.o.,";"79348352926";"Kraljice Jelene 26, Slavonski Brod";"P-12-12-2019 / 12.12.2019";"8";2200;0;2750;"1281936494"
"29";"LIKA MEDIA j.d.o.o.";"LIKA MEDIA j.d.o.o.";"92053662171";"Dr. Ante Starčevića 18, Gospić";"P-12/12 / 12.12.2019";"5";600;0;600;"1281936494"
"30";"LIKA VELEBITICA obrt vl. Marija Maras";"LIKA PORTAL";"87663883542";"";"P-003-1-1-2019 / 12.12.2019";"2";1500;0;1500;"1281936494"
"31";"LIKA-EXPRESS obrt vl. Vedrana Tomašević";"LIKA-EXPRESS obrt vl. Vedrana Tomašević";"16315477813";"";"P-42/2019 / 12.12.2019";"5";1000;0;1000;"1281936494"
"32";"NG PLUS-NOVOGRADIŠKA UDRUGA ZA PROMICANJE LOKALNE UPRAVE I SAMOUPRAVE";"NG PLUS-NOVOGRADIŠKA UDRUGA ZA PROMICANJE LOKALNE UPRAVE I SAMOUPRAVE";"74424054574";"Cvjetni trg 12 d, Nova Gradiška";"P-11 / 12.12.2019";"7";2800;0;2800;"1281936494"
"33";"OGLAŠAVANJE d.o.o.,";"OGLAŠAVANJE d.o.o.,";"72056636310";"Mile Budaka 1/4, Slavonski Brod";"P-12-12-2019 / 12.12.2019";"2";285;0;285;"1281936494"
"34";"OGLAŠAVANJE d.o.o.,";"OGLAŠAVANJE d.o.o.,";"72056636310";"Mile Budaka 1/4, Slavonski Brod";"P-12-12-2019 / 12.12.2019";"6";1000;0;1000;"1281936494"
"35";"OGLAŠAVANJE d.o.o.,";"OGLAŠAVANJE d.o.o.,";"72056636310";"Mile Budaka 1/4, Slavonski Brod";"P-12-12-2019 / 12.12.2019";"3";500;0;500;"1281936494"
"36";"PLAVA-MIRMA j.d.o.o.";"PLAVA-MIRMA j.d.o.o.";"18422180572";"Mile Budaka 1, Slavonski Brod";"P-68 / 12.12.2019";"2";500;0;500;"1281936494"
"37";"SIX-SIGMA obrt vl. Vlatka Ružić";"inDIREKTNO.com";"41889677091";"";"P-12-12-2019 / 12.12.2019";"14";2000;0;2000;"1281936494"
"38";"SKIPER MEDIA obrt vl. Krešimir Galić";"SKIPER MEDIA obrt vl. Krešimir Galić";"96006361654";"Petra Krešimira IV br.4, Slavonski Brod";"P-1/2019 / 12.12.2019";"1";500;0;500;"1281936494"
"39";"SKIPER MEDIA obrt vl. Krešimir Galić";"SKIPER MEDIA obrt vl. Krešimir Galić";"96006361654";"Petra Krešimira IV br.4, Slavonski Brod";"P-2/2019 / 12.12.2019";"6";2400;0;2400;"1281936494"
"40";"SLAVONSKI RADIO d.o.o.";"SLAVONSKI RADIO d.o.o.";"71362780978";"Ulica Hrvatske Republike 20., Osijek";"P-81-19 / 12.12.2019";"9";990;0;1237.5;"1281936494"
"41";"SLAVONSKO-BRODSKA TELEVIZIJA d.o.o.";"SLAVONSKO-BRODSKA TELEVIZIJA d.o.o.";"19751090713";"Mile Budaka 1/4, Slavonski Brod";"P-12-12-2019 / 12.12.2019";"1";3000;0;3750;"1281936494"
"42";"PLAVA-MIRMA j.d.o.o.";"PLAVA-MIRMA j.d.o.o.";"18422180572";"Mile Budaka 1, Slavonski Brod";"P-70 / 13.12.2019";"1";800;0;1000;"1281936494"
"43";"RADIO PSUNJ d.o.o,";"RADIO PSUNJ d.o.o,";"55239245471";"Cvjetni trg 12D, Nova Gradiška";"P-284 / 13.12.2019";"1";1000;0;1250;"1281936494"
"44";"RADIO RAGUSA d.o.o.";"RADIO RAGUSA d.o.o.";"89301862181";"Doktora Ante Starčevića 20., Dubrovnik";"P-270-1-2019 / 13.12.2019";"23";2990;0;3737.5;"1281936494"
"45";"ZAGORJE INTERNATIONAL d.o.o.";"ZAGORJE INTERNATIONAL d.o.o.";"41644317854";"Kardinala Stepinca 2, Krapina";"607/1/1 / 13.12.2019";"12";4200;0;5250;"1281936494"
"46";"PLAVA-MIRMA j.d.o.o.";"PLAVA-MIRMA j.d.o.o.";"18422180572";"Mile Budaka 1, Slavonski Brod";"P-65 / 14.12.2019";"7";1750;0;1750;"1281936494"
"47";"PETRINJSKI RADIO d.o.o.";"PETRINJSKI RADIO d.o.o.";"82320978169";"Matije Gupca 2, Petrinja";"P-183 / 15.12.2019";"1";400;0;500;"1281936494"
"48";"ALFA d.o.o.";"ALFA d.o.o.";"88730888278";"Trg Eugena Kvaternika 7A, Bjelovar";"244/1/1000 / 16.12.2019";"31";4960;19.5;5022;"1281936494"
"49";"GLAS SLAVONIJE d.d.";"GLAS SALVONIJE d.d.";"87192735882";"Ulica Hrvatske Republike 20., Osijek";"3688/01/1 / 16.12.2019";"1";8100;20;8100;"1281936494"
"50";"INFORMATIVNI CENTAR VIROVITICA d.o.o.";"icv.hr";"01156745523";"Ferde Rusana 1/9, Virovitica";"P-19-010-000463 / 16.12.2019";"3";6000;10;6750;"1281936494"
"51";"INFORMATIVNI CENTAR VIROVITICA d.o.o.";"Županijska radio postaja Virovitica";"01156745523";"Ferde Rusana 1/9, Virovitica";"P-19-010-000463 / 16.12.2019";"4";200;0;250;"1281936494"
"52";"KULTURNO INFORMATIVNI CENTAR GOSPIĆ";"Radio Gospić";"64933307172";"Budačka 12, Gospić";"19/0000177 / 16.12.2019";"30";1200;0;1200;"1281936494"
"53";"RADIO BANOVINA d.o.o.";"RADIO BANOVINA d.o.o.";"90924443753";"Slatina Pokupska 80, Glina";"P-19/00625 / 16.12.2019";"1";4000;0;5000;"1281936494"
"54";"RADIO BLJESAK d.o.o.";"RADIO BLJESAK d.o.o.";"69474315096";"Blaženog kardinala Alojzija Stepinca 24, Okučani";"080-1-1 / 16.12.2019";"1";500;0;625;"1281936494"
"55";"RADIO TRSAT d.o.o.";"RADIO TRSAT d.o.o.";"79306459615";"Zvonimirova 20 a, Rijeka";"60-179-2019 / 16.12.2019";"20";3600;0;4500;"1281936494"
"56";"REFUL RADIO d.o.o.";"REFUL RADIO d.o.o.";"97968788024";"Trpimirova 2, Rijeka";"P-40-22-2019 / 16.12.2019";"57";5643;30;4937.63;"1281936494"
"57";"SLATINSKI INFORMATIVNI CENTAR d.o.o.";"SLATINSKI INFORMATIVNI CENTAR d.o.o.";"54412083997";"Braće Radića 13, Slatina";"P-39/P1/1 / 16.12.2019";"1640";3200;0;4000;"1281936494"
"58";"TELEVIZIJA SLAVONIJE I BARANJE d.o.o.";"TELEVIZIJA SLAVONIJE I BARANJE d.o.o.";"99890141196";"Istarska 2., Osijek";"720-STV-360 / 16.12.2019";"1";2500;0;3125;"1281936494"
"59";"UDRUGA DRAVA INFO";"UDRUGA DRAVA INFO";"39086165745";"Domžalska ulica 3, Koprivnica";"P-175-2019 / 16.12.2019";"3";1905;0;2381.25;"1281936494"
"60";"UDRUGA ZA INFORMIRANJE JAVNOSTI POŽEGA PORTAL";"Požega.eu portal";"23053094273";"Stjepana Radića 14, Požega";"P-42/2019 / 16.12.2019";"4";2000;0;2000;"1281936494"
"61";"HRVATSKA RADIOTELEVIZIJA";"Radio Sljeme";"68419124305";"Prisavlje 3., Zagreb";"P-822752-10197-30493 / 17.12.2019";"1";12150;50;7593.75;"1281936494"
"62";"KRUNA obrt vl. Kruna Protić";"www.pozeska-kronika.hr";"21529895762";"";"808/1/2 / 17.12.2019";"2";1150;0;1437.5;"1281936494"
"63";"LOKALNA RAZVOJNA AGENCIJA PODUZETNIČKI CENTAR PAKRAC d.o.o.";"LOKALNA RAZVOJNA AGENCIJA PODUZETNIČKI CENTAR PAKRAC d.o.o.";"24926977965";"Zona male privrede 5, Pakrac";"P-23 / 17.12.2019";"1";250;0;312.5;"1281936494"
"64";"MEDIARITAM d.o.o.";"Radio Kaj";"95283343666";"F. Galovića 1b, Krapina";"P-02-331-02 / 17.12.2019";"16";2240;0;2800;"1281936494"
"65";"MT ETER d.o.o.";"MT ETER d.o.o.";"90555383444";"Bjelovarska 62  a, Zagreb";"P-202/2019 / 17.12.2019";"20";2020;5;2398.75;"1281936494"
"66";"MT ETER d.o.o.";"MT ETER d.o.o.";"90555383444";"Bjelovarska 62  a, Zagreb";"P-202/2019 / 17.12.2019";"4";1200;0;1500;"1281936494"
"67";"NACIONAL NEWS CORPORATION d.o.o.";"NACIONAL NEWS CORPORATION d.o.o.";"76663423558";"Maksimirska 120, Zagreb";"P-000084/2019 / 17.12.2019";"1";16000;0;20000;"1281936494"
"68";"NEZAVISNA TELEVIZIJA d.o.o.";"NEZAVISNA TELEVIZIJA d.o.o.";"92921283762";"Kamenarka 30, Zagreb";"825/1/1 / 17.12.2019";"2";4000;25;3750;"1281936494"
"69";"RADIO PITOMAČA d.o.o.";"RADIO PITOMAČA d.o.o.";"73907497566";"Trg kralja Tomislava 12, Pitomača";"P-39 / 17.12.2019";"71";3195;0;3993.75;"1281936494"
"70";"RADIO PRKOS j.d.o.o.";"RADIO PRKOS j.d.o.o.";"46227509350";"Marije Jurić Zagorke 11, Nova Gradiška";"P-20 / 17.12.2019";"15";800;0;1000;"1281936494"
"71";"CIK ""Dr. Božo Milanović"" d.o.o.";"CIK ""Dr. Božo Milanović"" d.o.o.";"63397242948";"Jurja obrile 6, Pazin";"1311-1-1 / 18.12.2019";"9";3200;0;4000;"1281936494"
"72";"DALMACIJA DANAS d.o.o.";"DALMACIJA DANAS d.o.o.";"07705972299";"Matoševa 44, Split";"330/01/191 / 18.12.2019";"1";2500;0;3125;"1281936494"
"73";"EXPRESS AGENCIJA d.o.o.";"Regional Express";"58894956548";"Krmpotićeva 5a, Pula";"375/1/1 / 18.12.2019";"1";4000;0;5000;"1281936494"
"74";"HRVATSKI RADIO KARLOVAC d.o.o.";"HRVATSKI RADIO KARLOVAC d.o.o.";"55570691155";"Ambroza Vranyczanya 2., Karlovac";"P-215/2019 / 18.12.2019";"1";1000;0;1250;"1281936494"
"75";"ISTARSKI PORTAL d.o.o.";"Istarski.hr, Labinstina.info";"70704729618";"Mate Blažine 4, Labin";"258/1/1 / 18.12.2019";"1";4000;0;5000;"1281936494"
"76";"KRAFT DRAFT d.o.o.";"KRAFT DRAFT d.o.o.";"33301420608";"Dr. Vladka Mačeka 14, Karlovac";"P-065-1-1 / 18.12.2019";"1";1600;0;2000;"1281936494"
"77";"KRAFT DRAFT d.o.o.";"www.kaportal.hr";"33301420608";"Dr. Vladka Mačeka 14, Karlovac";"P-064-1-1 / 18.12.2019";"1";1000;0;1250;"1281936494"
"78";"KRUNA obrt vl. Kruna Protić";"Tjednik Kronika Požeško slavonska";"21529895762";"";"811/1/2 / 18.12.2019";"3";2300;50;1437.5;"1281936494"
"79";"RADIO HRVATSKO ZAGORJE KRAPINA d.o.o.";"RADIO HRVATSKO ZAGORJE KRAPINA d.o.o.";"86615564616";"Šetalište hrvatskog narodnog preporoda 13., Krapina";"317/1-1 / 18.12.2019";"8";2400;0;3000;"1281936494"
"80";"RADIO MREŽNICA d.o.o.";"RMportal";"79859591768";"Jozefinska ceta 8, Duga Resa";"P-553 / 18.12.2019";"1";550;0;687.5;"1281936494"
"81";"RADIO PSUNJ d.o.o,";"RADIO PSUNJ d.o.o,";"55239245471";"Cvjetni trg 12D, Nova Gradiška";"P-292 / 18.12.2019";"1";800;0;1000;"1281936494"
"82";"UDRUGA PLUS";"www.ogulin.eu";"08246372152";"Šetalište Krlenac 27, Ogulin";"P-0004-2019 / 18.12.2019";"1";500;0;500;"1281936494"
"83";"MEDIA FI d.o.o.";"IstraIN";"06285889438";"Zagrebačka 12a, Rovinj";"502-1-1 / 19.12.2019";"2";4000;0;5000;"1281936494"
"84";"SIX-SIGMA obrt vl. Vlatka Ružić";"inDIREKTNO.com";"41889677091";"";"61/1/2019 / 19.12.2019";"3";1500;0;1500;"1281936494"
"85";"SLAVONSKA POSAVINA d.o.o.";"SLAVONSKA POSAVINA d.o.o.";"08220453686";"Mile Budaka 1, Slavonski Brod";"P-19122019 / 19.12.2019";"1";2400;0;3000;"1281936494"
"86";"SLAVONSKO-BRODSKA TELEVIZIJA d.o.o.";"SLAVONSKO-BRODSKA TELEVIZIJA d.o.o.";"19751090713";"Mile Budaka 1/4, Slavonski Brod";"P-19-12-2019 / 19.12.2019";"30";5440;0;6800;"1281936494"
"87";"REVELIN MEDIA UG";"REVELIN MEDIA UG";"";"Weilbrunnstrase 27, Frankfurt am Main, Germany";"2019/106 / 20.12.2019";"1";1873.75;0;1873.75;"1281936494"
"88";"VEČERNJI LIST d.o.o.";"VEČERNJI LIST d.o.o.";"92276133102";"Oreškovićeva 6 h/1, Zagreb";"P-20-12-2019 / 20.12.2019";"1";8820;20;8820;"1281936494"
"89";"VTV d.o.o.";"VTV d.o.o.";"16169088482";"Trg dr. Franje Tuđmana 2, Vinkovci";"1304-2019-1 / 20.12.2019";"3";13600;0;17000;"1281936494"
"90";"MILLENIUM PROMOCIJA d.o.o.";"24 sata d.o.o., 24sata.hr";"39853231950";"Oreškovićeva 6h/1, Zagreb";"997/1/1 / 27.12.2019";"200";40000;50;25000;"1281936494"
"91";"MILLENIUM PROMOCIJA d.o.o.";"Adria News Sarl";"39853231950";"18 Rue Strasbourg, Luxembourg";"994/1/1 / 27.12.2019";"150";44000;0;55000;"1281936494"
"92";"MILLENIUM PROMOCIJA d.o.o.";"Alfa d.o.o.-Alfa radio";"39853231950";"Trg E. Kvaternika 7a, Bjelovar";"995/1/1 / 27.12.2019";"1";5747.48;31.15;4957.2;"1281936494"
"93";"MILLENIUM PROMOCIJA d.o.o.";"All market media d.o.o.-Antena Zagreb";"39853231950";"Dragutina DOmjanića 1, Zagreb";"995/1/1 / 27.12.2019";"1";29988;5;35610.75;"1281936494"
"94";"MILLENIUM PROMOCIJA d.o.o.";"All market media d.o.o.-Gold fm";"39853231950";"Dragutina Domjanića 1, Zagreb";"995/1/1 / 27.12.2019";"1";6930;5;8229.38;"1281936494"
"95";"MILLENIUM PROMOCIJA d.o.o.";"All market media d.o.o.-Narodni radio";"39853231950";"Dragutina Domjanića 1, Zagreb";"995/1/1 / 27.12.2019";"1";32634;5;38752.88;"1281936494"
"96";"MILLENIUM PROMOCIJA d.o.o.";"All market media d.o.o.-Radio Dalmacija";"39853231950";"Dragutina Domjenića 1, Zagreb";"995/1/1 / 27.12.2019";"1";18081;5;21471.19;"1281936494"
"97";"MILLENIUM PROMOCIJA d.o.o.";"Bjelovarski list d.o.o.";"39853231950";"Vlatka Mačeka 21, Bjelovar";"996/1/1 / 27.12.2019";"2";4800;20;4800;"1281936494"
"98";"MILLENIUM PROMOCIJA d.o.o.";"CIK "" dr. Božo Milanović"" d.o.o.-Radio Istra";"39853231950";"Jurija Dobrile 6, Pazin";"995/1/1 / 27.12.2019";"1";3910.83;27.8;3519.75;"1281936494"
"99";"MILLENIUM PROMOCIJA d.o.o.";"Diadora media d.o.o.";"39853231950";"Put Pudarice 11h, Zadar";"994/1/1 / 27.12.2019";"30";8000;0;10000;"1281936494"
"100";"MILLENIUM PROMOCIJA d.o.o.";"Dubrovačka televizija d.o.o.";"39853231950";"Dr. Ante Starčevića 24, Dubrovnik";"994/1/1 / 27.12.2019";"90";25000;0;31250;"1281936494"
"101";"MILLENIUM PROMOCIJA d.o.o.";"Dubrovački vijesnik d.o.o.";"39853231950";"Vukovarska 10, Dubrovnik";"996/1/1 / 27.12.2019";"2";6930;20;6930;"1281936494"
"102";"MILLENIUM PROMOCIJA d.o.o.";"Europa Colsuntatio d.o.o., kamenjar.com";"39853231950";"Naselak 16, Zagreb";"998/1/1 / 27.12.2019";"240";24000;0;30000;"1281936494"
"103";"MILLENIUM PROMOCIJA d.o.o.";"Europa Consultatio d.o.o.,hrvatska-danas.com";"39853231950";"naselak 16, Zagreb";"998/1/1 / 27.12.2019";"160";16000;0;20000;"1281936494"
"104";"MILLENIUM PROMOCIJA d.o.o.";"Glas Istre novine d.o.o.";"39853231950";"Riva 10, Pula";"996/1/1 / 27.12.2019";"2";16689.61;24;15855.12;"1281936494"
"105";"MILLENIUM PROMOCIJA d.o.o.";"Glas Istre novine d.o.o.,GlasIstre.hr";"39853231950";"Riva 10, Pula";"997/1/1 / 27.12.2019";"110";33440;85;6270;"1281936494"
"106";"MILLENIUM PROMOCIJA d.o.o.";"Glas Slavonije d.d.";"39853231950";"Hrvatske Republike 20, Osijek";"996/1/1 / 27.12.2019";"2";17200;20;17200;"1281936494"
"107";"MILLENIUM PROMOCIJA d.o.o.";"Glas Slavonije d.d., Glas-Slavonije.hr";"39853231950";"Hrvatske Republike 20, Osijek";"997/1/1 / 27.12.2019";"35";6228;20;6228;"1281936494"
"108";"MILLENIUM PROMOCIJA d.o.o.";"Google Ireland Ltd.";"39853231950";"Gordon House,Barrow Street, Dublin 4, Google Ireland Ltd.";"999/1/1 / 27.12.2019";"1";117042.23;0;146302.79;"1281936494"
"109";"MILLENIUM PROMOCIJA d.o.o.";"Hanza media d.o.o.-Gloria";"39853231950";"Koranska 2, Zagreb";"996/1/1 / 27.12.2019";"1";19500;20;19500;"1281936494"
"110";"MILLENIUM PROMOCIJA d.o.o.";"Hanza media d.o.o.-Jutarnji list";"39853231950";"Koranska 2, Zagreb";"996/1/1 / 27.12.2019";"2";56000;20;56000;"1281936494"
"111";"MILLENIUM PROMOCIJA d.o.o.";"Hanza media d.o.o.-Makarska kronika";"39853231950";"Koranska 2, Zagreb";"996/1/1 / 27.12.2019";"2";3200;20;3200;"1281936494"
"112";"MILLENIUM PROMOCIJA d.o.o.";"Hanza media d.o.o.-Slobodna dalmacija";"39853231950";"Koranska 2, Zagreb";"996/1/1 / 27.12.2019";"2";30792;20;30792;"1281936494"
"113";"MILLENIUM PROMOCIJA d.o.o.";"Hanza media d.o.o.-Sportske novosti";"39853231950";"Koranska 2, Zagreb";"996/1/1 / 27.12.2019";"1";9800;20;9800;"1281936494"
"114";"MILLENIUM PROMOCIJA d.o.o.";"Hanza media d.o.o.-Šibenski list";"39853231950";"Koranska 2, Zagreb";"996/1/1 / 27.12.2019";"2";5640;20;5640;"1281936494"
"115";"MILLENIUM PROMOCIJA d.o.o.";"Hanza media d.o.o., Jutarnji.hr";"39853231950";"Koranska 2, Zagreb";"997/1/1 / 27.12.2019";"105";24150;36;19320;"1281936494"
"116";"MILLENIUM PROMOCIJA d.o.o.";"Hanza media d.o.o., Slobodnadalmacija.hr";"39853231950";"Koranska 2, Zagreb";"997/1/1 / 27.12.2019";"70";16100;36;12880;"1281936494"
"117";"MILLENIUM PROMOCIJA d.o.o.";"HIT radio d.o.o.";"39853231950";"Glavička 29, Sinj";"995/1/1 / 27.12.2019";"1";4475.81;7.5;5203.13;"1281936494"
"118";"MILLENIUM PROMOCIJA d.o.o.";"Hrvatska radio televizija";"39853231950";"Prisavlje 3, Zagreb";"994/1/1 / 27.12.2019";"39";325171.2;50;203232;"1281936494"
"119";"MILLENIUM PROMOCIJA d.o.o.";"Hrvatska radio televizija -HRT Mreža";"39853231950";"Prisavlje 3, Zagreb";"995/1/1 / 27.12.2019";"1";84084;50;52552.5;"1281936494"
"120";"MILLENIUM PROMOCIJA d.o.o.";"Hrvatski katolički radio";"39853231950";"Ksaverska cesta 12a, Zagreb";"995/1/1 / 27.12.2019";"1";8992.95;17.07;9330.19;"1281936494"
"121";"MILLENIUM PROMOCIJA d.o.o.";"Hrvatski radio Karlovac d.o.o.-Karlovački tjednik";"39853231950";"A. Vrakyczanya 2, Karlovac";"996/1/1 / 27.12.2019";"2";10000;25;9375;"1281936494"
"122";"MILLENIUM PROMOCIJA d.o.o.";"Hrvatski radio Vukovar d.o.o.";"39853231950";"Dr. F. Tuđmana 13, Vukovar";"995/1/1 / 27.12.2019";"1";2635;24;2503.25;"1281936494"
"123";"MILLENIUM PROMOCIJA d.o.o.";"Hrvatski radio Vukovar d.o.o.-Vukovarske novine";"39853231950";"Dr. Franje Tuđmana 13, Vukovar";"996/1/1 / 27.12.2019";"1";1690;20;1690;"1281936494"
"124";"MILLENIUM PROMOCIJA d.o.o.";"Hrvatski Radio Županja d.o.o.";"39853231950";"Veliki kraj 66/1, Županja";"995/1/1 / 27.12.2019";"1";1730.65;7.5;2011.88;"1281936494"
"125";"MILLENIUM PROMOCIJA d.o.o.";"Hrvatski telekom d.d.,Tportal.hr";"39853231950";"Radnička cesta 21, Zagreb";"997/1/1 / 27.12.2019";"195";33333.37;40;25000.02;"1281936494"
"126";"MILLENIUM PROMOCIJA d.o.o.";"Informativni centar Virovitica d.o.o.Županijski radio Virovitica";"39853231950";"Ferde Rusana 1/9, Virovitica";"995/1/1 / 27.12.2019";"2";1800.01;19;1822.51;"1281936494"
"127";"MILLENIUM PROMOCIJA d.o.o.";"Jadranska Radijska Mreža d.o.o.-Radio ritam";"39853231950";"Gornji put 24, Komiža";"995/1/1 / 27.12.2019";"2";3947.82;35.2;3207.6;"1281936494"
"128";"MILLENIUM PROMOCIJA d.o.o.";"KA-vision d.o.o.";"39853231950";"Trg hrvatskih branitelja 4, Karlovac";"994/1/1 / 27.12.2019";"20";4000;0;5000;"1281936494"
"129";"MILLENIUM PROMOCIJA d.o.o.";"Kanal RI d.o.o.";"39853231950";"Trg Riječke rezolucije 3, Rijeka";"994/1/1 / 27.12.2019";"32";4032;10;4536;"1281936494"
"130";"MILLENIUM PROMOCIJA d.o.o.";"Media FI d.o.o.-Radio Rovinj";"39853231950";"Zagrebačka 12a, Rovinj";"995/1/1 / 27.12.2019";"1";2386.05;14.5;2565;"1281936494"
"131";"MILLENIUM PROMOCIJA d.o.o.";"Mediaritam d.o.o.-Radio Kaj";"39853231950";"Frana Galovića 1b, Krapina";"995/1/1 / 27.12.2019";"1";9000;19;9112.5;"1281936494"
"132";"MILLENIUM PROMOCIJA d.o.o.";"Metor finis j.d.o.o., maxportal.hr";"39853231950";"V. Ruždjaka 20, Zagreb";"998/1/1 / 27.12.2019";"266";15428;0;19285;"1281936494"
"133";"MILLENIUM PROMOCIJA d.o.o.";"MIJOR d.o.o.";"39853231950";"Trg Republike 5, Čakovec";"994/1/1 / 27.12.2019";"20";12000;0;15000;"1281936494"
"134";"MILLENIUM PROMOCIJA d.o.o.";"Moslavački list d.o.o.-Radio Moslavina";"39853231950";"I. G. Kovačića 25, Kutina";"955/1/1 / 27.12.2019";"1";1444;18.78;1462.05;"1281936494"
"135";"MILLENIUM PROMOCIJA d.o.o.";"Motus d.o.o.-7 Dnevno";"39853231950";"Tomislavova 11, Zagreb";"996/1/1 / 27.12.2019";"2";24000;0;30000;"1281936494"
"136";"MILLENIUM PROMOCIJA d.o.o.";"Motus d.o.o., dnevno.hr";"39853231950";"Tomislavova 11, Zagreb";"998/1/1 / 27.12.2019";"1600";44000;0;55000;"1281936494"
"137";"MILLENIUM PROMOCIJA d.o.o.";"Nacional News Corporation d.o.o.,Nacional";"39853231950";"Maksimirska 120, Zagreb";"996/1/1 / 27.12.2019";"1";19500;58;10237.5;"1281936494"
"138";"MILLENIUM PROMOCIJA d.o.o.";"Nezavisna televizija d.o.o.";"39853231950";"Kamenarka 30, Zagreb";"994/1/1 / 27.12.2019";"160";125000;36;100000;"1281936494"
"139";"MILLENIUM PROMOCIJA d.o.o.";"NOVA TV d.d.";"39853231950";"Remetinečka cesta 139, Zagreb";"994/1/1 / 27.12.2019";"9";542300;55;305043.75;"1281936494"
"140";"MILLENIUM PROMOCIJA d.o.o.";"Nova TV d.d., Dnevnik.hr";"39853231950";"Remetinečka cesta 139, Zagreb";"997/1/1 / 27.12.2019";"211";25050;20;25050;"1281936494"
"141";"MILLENIUM PROMOCIJA d.o.o.";"Novi list d.d.";"39853231950";"Zvonimirova 20a, Rijeka";"996/1/1 / 27.12.2019";"2";22070;20;22070;"1281936494"
"142";"MILLENIUM PROMOCIJA d.o.o.";"Novi radio Zadar d.o.o.";"39853231950";"Splitska ulica 3, Zadar";"995/1/1 / 27.12.2019";"1";6475.79;23.05;6232.95;"1281936494"
"143";"MILLENIUM PROMOCIJA d.o.o.";"Obiteljski radio Ivanić d.o.o.";"39853231950";"Park Stjepana Posezija 6, Ivanić Grad";"995/1/1 / 27.12.2019";"1";2700;28;2430;"1281936494"
"144";"MILLENIUM PROMOCIJA d.o.o.";"Osječka televizija-OAR d.o.o.";"39853231950";"Svetog L. Mandića 50, Osijek";"994/1/1 / 27.12.2019";"48";28200;36;22560;"1281936494"
"145";"MILLENIUM PROMOCIJA d.o.o.";"Petrinjski radio d.o.o.";"39853231950";"Matije Gupca 2, Petrinja";"995/1/1 / 27.12.2019";"2";1890;10;2126.25;"1281936494"
"146";"MILLENIUM PROMOCIJA d.o.o.";"Propuls d.o.o.,direktno.hr";"39853231950";"Županići 2e, Zagreb";"998/1/1 / 27.12.2019";"415";47756.42;33;39996;"1281936494"
"147";"MILLENIUM PROMOCIJA d.o.o.";"Radio 101 d.o.o.";"39853231950";"Gajeva 10, Zagreb";"995/1/1 / 27.12.2019";"1";17550;0;21937.5;"1281936494"
"148";"MILLENIUM PROMOCIJA d.o.o.";"Radio Banovina d.o.o.-Banovina";"39853231950";"Slatina Pokupska 80, Glina";"995/1/1 / 27.12.2019";"1";4473.84;14.5;4809.38;"1281936494"
"149";"MILLENIUM PROMOCIJA d.o.o.";"Radio Delta d.o.o.-Radio Delta Metković";"39853231950";"Ivana Gundulića 19, Metković";"995/1/1 / 27.12.2019";"1";2158.6;23.05;2077.65;"1281936494"
"150";"MILLENIUM PROMOCIJA d.o.o.";"Radio Đakovo d.o.o.";"39853231950";"Pape Ivana Pavla II 9, Đakovo";"995/1/1 / 27.12.2019";"1";2687.29;15.4;2855.25;"1281936494"
"151";"MILLENIUM PROMOCIJA d.o.o.";"Radio Koprivnica d.o.o.";"39853231950";"Zagrebačka bb, Koprivnica";"995/1/1 / 27.12.2019";"1";3309.16;18.78;3350.53;"1281936494"
"152";"MILLENIUM PROMOCIJA d.o.o.";"Radio Labin d.o.o.";"39853231950";"Rudarska 3b, Labin";"995/1/1 / 27.12.2019";"1";1789.53;14.5;1923.75;"1281936494"
"153";"MILLENIUM PROMOCIJA d.o.o.";"Radio Mrežnica d.o.o.";"39853231950";"Jozefinska cesta 8, Duga Resa";"995/1/1 / 27.12.2019";"1";3000;10;3375;"1281936494"
"154";"MILLENIUM PROMOCIJA d.o.o.";"Radio Našice d.o.o.";"39853231950";"Dore Pejačević 2, Našice";"995/1/1 / 27.12.2019";"1";1789.53;14.5;1923.75;"1281936494"
"155";"MILLENIUM PROMOCIJA d.o.o.";"Radio Psunj d.o.o.-Radio Nova Gradiška";"39853231950";"Cvjetni trg 12d, Nova Gradiška";"995/1/1 / 27.12.2019";"1";2833.43;14.5;3045.94;"1281936494"
"156";"MILLENIUM PROMOCIJA d.o.o.";"Radio Ragusa d.o.o.-Soundset Ragusa";"39853231950";"Dr. A. Starčevića 20, Dubrovnik";"995/1/1 / 27.12.2019";"1";7280;25;6825;"1281936494"
"157";"MILLENIUM PROMOCIJA d.o.o.";"Radio Senj d.o.o.";"39853231950";"Obala dr. F. Tuđmana 2, Senj";"995/1/1 / 27.12.2019";"1";4473.84;14.5;4809.38;"1281936494"
"158";"MILLENIUM PROMOCIJA d.o.o.";"Radio Stubica d.o.o.";"39853231950";"Toplička 10/II, Donja Stubica";"995/1/1 / 27.12.2019";"1";3297.86;23.05;3174.19;"1281936494"
"159";"MILLENIUM PROMOCIJA d.o.o.";"Radio Trsat d.o.o.-Laganini Rijeka fm";"39853231950";"Zvonimirova 20a, Rijeka";"995/1/1 / 27.12.2019";"1";5400;5;6412.5;"1281936494"
"160";"MILLENIUM PROMOCIJA d.o.o.";"Radio Vrbovec d.o.o.";"39853231950";"Trg Petra Zrinskog 7a, Vrbovec";"995/1/1 / 27.12.2019";"1";2707.49;18.78;2741.34;"1281936494"
"161";"MILLENIUM PROMOCIJA d.o.o.";"RADIO-MAX d.o.o.";"39853231950";"Cerje Nebojse 151, Maruševec";"995/1/1 / 27.12.2019";"1";2170;8;2495.5;"1281936494"
"162";"MILLENIUM PROMOCIJA d.o.o.";"Rasdio Baranja d.o.o.";"39853231950";"Trg slobode 32/3, Beli Manastir";"995/1/1 / 27.12.2019";"1";1849.19;14.5;1987.88;"1281936494"
"163";"MILLENIUM PROMOCIJA d.o.o.";"Regionaslni tjednik d.o.o.-7 Plus Regionalni Tjednik";"39853231950";"Anina 11, Varaždin";"996/1/1 / 27.12.2019";"1";4332;5;5144.25;"1281936494"
"164";"MILLENIUM PROMOCIJA d.o.o.";"ROSS d.o.o.-Radio 057";"39853231950";"Polačišće 4, Zadar";"995/1/1 / 27.12.2019";"1";4800;0;6000;"1281936494"
"165";"MILLENIUM PROMOCIJA d.o.o.";"RTD d.o.o.-Zadarski list";"39853231950";"Grgura Mrganića 6, Zadar";"996/1/1 / 27.12.2019";"2";6000;20;6000;"1281936494"
"166";"MILLENIUM PROMOCIJA d.o.o.";"RTL Hrvatska d.o.o.";"39853231950";"Krapinska 45, Zagreb";"994/1/1 / 27.12.2019";"20";239250;50;149531.25;"1281936494"
"167";"MILLENIUM PROMOCIJA d.o.o.";"RTL Hrvatska d.o.o., net.hr";"39853231950";"Krapinska 45, Zagreb";"997/1/1 / 27.12.2019";"390";16900;40;12675;"1281936494"
"168";"MILLENIUM PROMOCIJA d.o.o.";"S-Tel d.o.o.-Radio Quirinus";"39853231950";"Ante Starčevića 46, Sisak";"995/1/1 / 27.12.2019";"1";2396.71;27.1;2187;"1281936494"
"169";"MILLENIUM PROMOCIJA d.o.o.";"Sjever sjeverozapad d.o.o.";"39853231950";"Zabočka 2, Zaprešić";"994/1/1 / 27.12.2019";"92";10000;0;12500;"1281936494"
"170";"MILLENIUM PROMOCIJA d.o.o.";"Slavonska Posavina d.o.o.-Radio Slavonija";"39853231950";"Dr. Mile Budaka 1, Slavonski Brod";"995/1/1 / 27.12.2019";"1";4497.08;23.05;4328.44;"1281936494"
"171";"MILLENIUM PROMOCIJA d.o.o.";"Slavonski radio d.o.o.";"39853231950";"Hrvatske Republike 20, Osijek";"995/1/1 / 27.12.2019";"1";5415;18.78;5482.69;"1281936494"
"172";"MILLENIUM PROMOCIJA d.o.o.";"Slavonsko-brodska televizijs d.o.o.";"39853231950";"Dr. Mile Budaka 1, Slavonski Brod";"994/1/1 / 27.12.2019";"25";8111.25;20;8111.25;"1281936494"
"173";"MILLENIUM PROMOCIJA d.o.o.";"Supetar d.d.-Radio Brač";"39853231950";"Mladena Vodanovića 3, Supetar";"995/1/1 / 27.12.2019";"1";4477.09;23.05;4309.2;"1281936494"
"174";"MILLENIUM PROMOCIJA d.o.o.";"Tele 5 d.o.o.";"39853231950";"Masarykov put 3c, Dubrovnik";"994/1/1 / 27.12.2019";"84";25000;0;31250;"1281936494"
"175";"MILLENIUM PROMOCIJA d.o.o.";"Televizija Jadran d.o.o.";"39853231950";"Ruđera Boškovića 22, Split";"994/1/1 / 27.12.2019";"27";18150;0;22687.5;"1281936494"
"176";"MILLENIUM PROMOCIJA d.o.o.";"Televizija Požega d.o.o.";"39853231950";"Sv. Roka 2, Požega";"994/1/1 / 27.12.2019";"20";9750;50;6093.75;"1281936494"
"177";"MILLENIUM PROMOCIJA d.o.o.";"Televizija Slavonije i Baranje d.o.o.";"39853231950";"Istarska 2, Osijek";"994/1/1 / 27.12.2019";"11";19680;10;22140;"1281936494"
"178";"MILLENIUM PROMOCIJA d.o.o.";"Televizija Šibenik d.o.o.";"39853231950";"Put Bioca 15a, Šibenik";"994/1/1 / 27.12.2019";"40";2500;0;3125;"1281936494"
"179";"MILLENIUM PROMOCIJA d.o.o.";"TV Istra d.o.o.";"39853231950";"Trg pod lipom 1, Pazin";"994/1/1 / 27.12.2019";"30";6300;0;7875;"1281936494"
"180";"MILLENIUM PROMOCIJA d.o.o.";"Varaždinske vijesti d.d.";"39853231950";"Supilova 7b, Varaždin";"996/1/1 / 27.12.2019";"2";5000;0;6250;"1281936494"
"181";"MILLENIUM PROMOCIJA d.o.o.";"Večernji list d.o.o.";"39853231950";"Oreškovičeva 6h 1, Zagreb";"996/1/1 / 27.12.2019";"2";57300;20;57300;"1281936494"
"182";"MILLENIUM PROMOCIJA d.o.o.";"Večernji list d.o.o.,Večernji.hr";"39853231950";"Oreškovićeva 6h/1, Zagreb";"997/1/1 / 27.12.2019";"200";40000;50;25000;"1281936494"
"183";"MILLENIUM PROMOCIJA d.o.o.";"Vrelo informacija d.o.o., politikaplus.com";"39853231950";"Ivana Broza 8a, Zagreb";"998/1/1 / 27.12.2019";"1";32000;0;40000;"1281936494"
"184";"MILLENIUM PROMOCIJA d.o.o.";"VTV d.o.o.";"39853231950";"Trg dr. F. Tuđmana 2, Vinkovci";"994/1/1 / 27.12.2019";"12";12000;0;15000;"1281936494"
"185";"MILLENIUM PROMOCIJA d.o.o.";"VTV-Varaždinska televizija d.o.o.";"39853231950";"Kralja Petra Krešimira IV br.6a, Varaždin";"994/1/1 / 27.12.2019";"16";12000;0;15000;"1281936494"
"186";"MILLENIUM PROMOCIJA d.o.o.";"Z1 televizija d.o.o.";"39853231950";"Ljudevita Posavskog 48, Zagreb";"994/1/1 / 27.12.2019";"28";7940;0;9925;"1281936494"
"1";"Gradski Radio d.o.o.";"Gradski radio d.o.o.";"50476040913";"Trg Ante Starčevića 7/1, Osijek";"073/2019 / 22.11.2019";"12";960;10;1080;"1208148331"
"2";"Radio Koprivnica d.o.o.";"Radio koprivnica";"82897808376";"zagrebačka bb, Koprivnica";"00749-001-40 / 03.12.2019";"12";1020;5;1211.25;"1208148331"
"3";"HRVATSKA RADIOTELEVIZIJA";"Rado Split";"68419124305";"Mažuranićevo šetalište 24a, Split";"821942-85197-38264 / 04.12.2019";"12";3024;50;1890;"1208148331"
"4";"HRVATSKA RADIOTELEVIZIJA";"HRVATSKA RADIOTELEVIZIJA";"68419124305";"Vukovarska 19, Dubrovnik";"822060-81191-38264 / 05.12.2019";"6";2160;50;1350;"1208148331"
"5";"Radio postaja Ploče d.o.o.";"Radio postaja Ploče d.o.o.";"48556023272";"Gračka 2, Ploće";"76/RPP1/1 / 05.12.2019";"12";600;10;675;"1208148331"
"6";"Marketing M d.o.o.";"Marketing M d.o.o.";"06758420862";"Nova ulica 7, Nedelišće";"191500027/1/2 / 06.12.2019";"12";1080;0;1350;"1208148331"
"7";"HRVATSKA RADIOTELEVIZIJA";"HRVATSKA RADIOTELEVIZIJA";"68419124305";"Korzo 24, Rijeka";"822337-84190-38264 / 10.12.2019";"12";4752;50;2970;"1208148331"
"8";"HRVATSKA RADIOTELEVIZIJA";"HRVATSKA RADIOTELEVIZIJA";"68419124305";"Dalmatinska 4, Pula";"822396-83194-38264 / 11.12.2019";"3";1584;50;990;"1208148331"
"9";"Radio Sisak d.o.o.";"Radio Sisak d.o.o.";"61181498115";"Stjepana i Antuna Radića 2, Sisak";"2019/86 / 11.12.2019";"12";780;10;877.5;"1208148331"
