"Šifra","Naziv županije","Naziv JLS-a","2012.","2013.","2014.","2015.","2016.","2017.","2018.","2019.","""-"" označava da nema transakcija","","",""
"","","","","","","","","","","","""z"" označava da ima manje od 10 transakcija pa podaci, radi privatnosti, nisu prikazani","","",""
"19","Vukovarsko-srijemska","ANDRIJAŠEVCI","z","-","-","-","-","-","-",".","","","",""
"27","Osječko-baranjska","ANTUNOVAC","z","-","-","-","-","-","-","z","","","",""
"35","Vukovarsko-srijemska","BABINA GREDA","-","-","-","-","-","-","-",".","","","",""
"43","Primorsko-goranska","BAKAR","z","z","5,095.94 ","z","z","z","5,571.3","4,061.66","","","",""
"51","Istarska","BALE - VALLE","z","z","z","-","z","z","z","z","","","",""
"60","Istarska","BARBAN","z","-","z","-","z","-","z",".","","","",""
"78","Karlovačka","BARILOVIĆ","-","-","-","-","-","-","-",".","","","",""
"86","Primorsko-goranska","BAŠKA","9,987.49 ","10,932.55 ","11,730.46 ","12,268.62 ","10,000.00 ","11,542.0","10,748.8","12,033.73","","","",""
"94","Splitsko-dalmatinska","BAŠKA VODA","12,765.75 ","12,106.82 ","10,661.39 ","9,607.24 ","10,665.54 ","12,000.9","10,128.4","11,482.25","","","",""
"108","Brodsko-posavska","BEBRINA","-","-","-","-","-","-","-","z","","","",""
"116","Krapinsko-zagorska","BEDEKOVČINA","z","z","z","z","z","z","z","z","","","",""
"5509","Zagrebačka","BEDENICA","-","-","-","-","-","-","-",".","","","",""
"124","Varaždinska","BEDNJA","z","z","z","-","-","-","z","z","","","",""
"132","Osječko-baranjska","BELI MANASTIR","1,765.05 ","1,777.87 ","1,765.65 ","1,765.66 ","2,108.24 ","2,074.8","2,627.4","2,473.30","","","",""
"159","Međimurska","BELICA","-","-","-","z","-","-","-",".","","","",""
"167","Osječko-baranjska","BELIŠĆE","4,524.39 ","z","4,076.01 ","4,392.86 ","3,812.51 ","3,883.3","4,321.0","4,322.07","","","",""
"175","Zadarska","BENKOVAC","z","z","6,451.55 ","z","5,947.29 ","5,929.5","6,297.8","6,146.44","","","",""
"183","Bjelovarsko-bilogorska","BEREK","-","-","-","-","z","-","-",".","","","",""
"191","Varaždinska","BERETINEC","-","-","-","-","-","-","-",".","","","",""
"205","Zadarska","BIBINJE","z","z","z","z","-","z","z","9,816.84","","","",""
"6211","Šibensko-kninska","BILICE","z","-","-","-","-","z","-","z","","","",""
"213","Osječko-baranjska","BILJE","-","z","z","-","z","-","-","z","","","",""
"221","Zadarska","BIOGRAD NA MORU","10,601.48 ","9,672.32 ","9,787.57 ","8,731.47 ","8,537.30 ","8,807.9","7,901.5","8,581.90","","","",""
"3107","Šibensko-kninska","BISKUPIJA","-","-","-","-","-","-","-",".","","","",""
"5479","Zagrebačka","BISTRA","z","z","-","-","z","-","z","z","","","",""
"230","Osječko-baranjska","BIZOVAC","-","-","-","-","-","-","z",".","","","",""
"248","Bjelovarsko-bilogorska","BJELOVAR","6,083.40 ","5,690.75 ","5,593.80 ","5,539.86 ","5,221.91 ","5,558.8","5,342.0","5,595.12","","","",""
"256","Dubrovačko-neretvanska","BLATO","z","-","-","z","z","z","z","z","","","",""
"264","Vukovarsko-srijemska","BOGDANOVCI","-","-","-","-","-","-","-",".","","","",""
"272","Splitsko-dalmatinska","BOL","12,636.90 ","11,806.49 ","10,740.45 ","13,608.06 ","11,281.65 ","11,471.5","10,877.8","11,509.13","","","",""
"299","Vukovarsko-srijemska","BOROVO","z","-","z","-","-","-","-",".","","","",""
"302","Karlovačka","BOSILJEVO","-","-","-","-","-","-","-",".","","","",""
"329","Vukovarsko-srijemska","BOŠNJACI","-","-","-","-","-","-","z",".","","","",""
"337","Zagrebačka","BRCKOVLJANI","z","z","-","-","z","-","z","125.64","","","",""
"345","Zagrebačka","BRDOVEC","z","z","z","z","z","-","z","z","","","",""
"779","Splitsko-dalmatinska","BRELA","z","z","z","z","z","10,043.3","z","z","","","",""
"353","Požeško-slavonska","BRESTOVAC","-","-","-","-","-","-","-",".","","","",""
"361","Varaždinska","BREZNICA","-","-","-","-","-","-","-","z","","","",""
"1511","Varaždinska","BREZNIČKI HUM","-","-","-","-","-","-","-",".","","","",""
"370","Ličko-senjska","BRINJE","z","-","-","z","-","-","-","z","","","",""
"388","Primorsko-goranska","BROD MORAVICE","-","-","-","z","-","-","z",".","","","",""
"396","Brodsko-posavska","BRODSKI STUPNIK","-","-","-","-","z","-","-","z","","","",""
"400","Istarska","BRTONIGLA - VERTENEGLIO","10,129.18 ","z","z","8,153.64 ","7,588.48 ","9,428.0","8,791.0","9,245.20","","","",""
"418","Krapinsko-zagorska","BUDINŠČINA","-","z","-","-","-","-","-","z","","","",""
"426","Istarska","BUJE - BUIE","8,740.10 ","8,147.06 ","7,308.35 ","7,684.77 ","6,596.76 ","5,768.7","7,660.5","7,333.68","","","",""
"5673","Brodsko-posavska","BUKOVLJE","-","-","-","-","-","-","-","z","","","",""
"434","Istarska","BUZET","z","z","z","z","z","z","z","5,800.83","","","",""
"558","Primorsko-goranska","ČABAR","z","-","z","z","z","z","z","z","","","",""
"566","Virovitičko-podravska","ČAČINCI","z","-","-","-","-","-","z","z","","","",""
"574","Virovitičko-podravska","ČAĐAVICA","-","z","-","-","-","-","-",".","","","",""
"582","Požeško-slavonska","ČAGLIN","-","z","-","-","-","-","-",".","","","",""
"604","Međimurska","ČAKOVEC","7,812.18 ","6,498.10 ","7,876.03 ","6,128.41 ","6,517.28 ","6,836.3","6,592.7","6,100.14","","","",""
"612","Primorsko-goranska","ČAVLE","8,585.12 ","8,042.86 ","z","z","z","6,428.0","z","6,097.19","","","",""
"639","Bjelovarsko-bilogorska","ČAZMA","z","z","z","z","z","3,737.0","4,457.0","4,166.04","","","",""
"647","Osječko-baranjska","ČEMINAC","z","z","z","-","z","-","z","z","","","",""
"655","Osječko-baranjska","ČEPIN","z","z","z","-","-","-","z","z","","","",""
"442","Vukovarsko-srijemska","CERNA","-","-","-","z","-","-","z",".","","","",""
"469","Brodsko-posavska","CERNIK","-","-","-","-","z","-","-",".","","","",""
"477","Istarska","CEROVLJE","-","-","z","-","-","-","z","z","","","",""
"485","Varaždinska","CESTICA","-","-","-","z","z","-","-","z","","","",""
"493","Karlovačka","CETINGRAD","-","-","-","-","-","-","-",".","","","",""
"507","Splitsko-dalmatinska","CISTA PROVO","-","-","z","-","-","-","-",".","","","",""
"515","Šibensko-kninska","CIVLJANE","-","-","-","-","-","-","-",".","","","",""
"523","Primorsko-goranska","CRES","8,061.98 ","9,286.13 ","8,491.63 ","8,019.40 ","9,483.79 ","9,958.7","9,929.4","12,508.77","","","",""
"531","Primorsko-goranska","CRIKVENICA","10,864.46 ","10,517.93 ","9,627.23 ","9,436.42 ","9,830.22 ","9,684.6","9,752.1","10,570.90","","","",""
"540","Virovitičko-podravska","CRNAC","-","z","-","z","-","-","-",".","","","",""
"1031","Osječko-baranjska","ĐAKOVO","6,119.74 ","5,617.33 ","4,934.14 ","4,592.99 ","4,550.73 ","4,451.4","4,776.3","5,626.79","","","",""
"663","Osječko-baranjska","DARDA","z","z","z","z","2,206.53 ","z","z","z","","","",""
"671","Bjelovarsko-bilogorska","DARUVAR","5,950.49 ","5,635.51 ","5,242.15 ","4,473.92 ","4,268.20 ","4,064.6","4,063.8","4,898.93","","","",""
"680","Brodsko-posavska","DAVOR","-","-","-","-","-","-","-",".","","","",""
"6033","Međimurska","DEKANOVEC","-","-","z","-","-","-","-",".","","","",""
"1040","Koprivničko-križevačka","ĐELEKOVEC","-","z","-","-","z","-","z","z","","","",""
"698","Primorsko-goranska","DELNICE","4,342.43 ","z","z","z","4,916.30 ","5,203.8","4,313.8","2,925.90","","","",""
"701","Krapinsko-zagorska","DESINIĆ","-","z","z","-","z","-","z","z","","","",""
"710","Bjelovarsko-bilogorska","DEŽANOVAC","-","-","-","-","-","-","-",".","","","",""
"728","Splitsko-dalmatinska","DICMO","-","-","-","-","-","-","-",".","","","",""
"744","Primorsko-goranska","DOBRINJ","10,726.97 ","10,458.31 ","9,789.05 ","9,287.43 ","8,955.81 ","8,444.8","10,068.4","10,251.00","","","",""
"752","Međimurska","DOMAŠINEC","-","-","-","-","-","-","z",".","","","",""
"787","Međimurska","DONJA DUBRAVA","-","z","-","-","z","-","-",".","","","",""
"5762","Osječko-baranjska","DONJA MOTIČINA","-","-","-","-","-","-","-",".","","","",""
"795","Krapinsko-zagorska","DONJA STUBICA","z","z","-","z","z","z","z","z","","","",""
"809","Varaždinska","DONJA VOĆA","-","z","-","-","-","-","z","z","","","",""
"817","Brodsko-posavska","DONJI ANDRIJEVCI","-","-","-","z","-","-","z","z","","","",""
"825","Međimurska","DONJI KRALJEVEC","z","-","-","-","-","z","z","6,715.96","","","",""
"833","Sisačko-moslavačka","DONJI KUKURUZARI","-","-","-","-","-","-","-",".","","","",""
"841","Ličko-senjska","DONJI LAPAC","-","z","-","z","-","-","z","z","","","",""
"850","Varaždinska","DONJI MARTIJANEC","-","-","-","-","-","-","-","z","","","",""
"868","Osječko-baranjska","DONJI MIHOLJAC","z","z","4,585.68 ","4,217.49 ","4,340.75 ","5,047.6","4,550.1","4,662.12","","","",""
"892","Međimurska","DONJI VIDOVEC","-","-","-","-","-","-","-",".","","","",""
"5681","Brodsko-posavska","DRAGALIĆ","-","-","-","-","-","-","-","z","","","",""
"906","Karlovačka","DRAGANIĆ","-","-","-","-","z","-","-","z","","","",""
"914","Osječko-baranjska","DRAŽ","-","-","-","z","-","-","-",".","","","",""
"949","Osječko-baranjska","DRENJE","-","-","-","-","-","-","-",".","","","",""
"922","Vukovarsko-srijemska","DRENOVCI","-","z","-","-","z","-","-","z","","","",""
"957","Šibensko-kninska","DRNIŠ","z","z","z","z","z","z","5,270.2","4,973.49","","","",""
"965","Koprivničko-križevačka","DRNJE","-","-","-","-","-","-","z","z","","","",""
"973","Zagrebačka","DUBRAVA","-","-","-","z","z","-","-","z","","","",""
"5495","Zagrebačka","DUBRAVICA","-","-","-","-","z","-","-",".","","","",""
"5983","Dubrovačko-neretvanska","DUBROVAČKO PRIMORJE","z","-","z","z","-","z","z","z","","","",""
"981","Dubrovačko-neretvanska","DUBROVNIK","16,810.78 ","15,151.55 ","16,070.45 ","15,193.92 ","14,652.06 ","15,385.8","16,890.9","18,037.62","","","",""
"990","Karlovačka","DUGA RESA","4,681.67 ","4,919.52 ","5,124.96 ","4,549.42 ","4,150.76 ","3,529.4","3,847.9","3,959.37","","","",""
"1007","Splitsko-dalmatinska","DUGI RAT","7,372.24 ","z","z","8,499.50 ","7,513.97 ","9,639.9","11,710.6","9,144.73","","","",""
"1015","Zagrebačka","DUGO SELO","7,016.95 ","6,462.40 ","6,128.84 ","5,925.41 ","5,798.86 ","6,535.2","6,404.1","7,040.47","","","",""
"5851","Splitsko-dalmatinska","DUGOPOLJE","-","z","z","z","z","z","6,408.2","7,886.14","","","",""
"1058","Bjelovarsko-bilogorska","ĐULOVAC","-","-","z","-","-","-","z",".","","","",""
"1066","Osječko-baranjska","ĐURĐENOVAC","z","z","z","z","1,027.78 ","z","1,794.4","2,837.28","","","",""
"1074","Koprivničko-križevačka","ĐURĐEVAC","z","5,765.84 ","z","4,171.45 ","z","3,874.0","3,501.0","231.75","","","",""
"1082","Krapinsko-zagorska","ĐURMANEC","-","z","-","-","-","-","-","z","","","",""
"1023","Sisačko-moslavačka","DVOR","-","-","-","-","-","-","z","z","","","",""
"1104","Osječko-baranjska","ERDUT","-","-","-","-","-","-","-",".","","","",""
"1112","Osječko-baranjska","ERNESTINOVO","-","-","-","-","-","-","-",".","","","",""
"1139","Šibensko-kninska","ERVENIK","-","-","-","-","-","-","-",".","","","",""
"1147","Zagrebačka","FARKAŠEVAC","-","-","-","-","-","-","-",".","","","",""
"6190","Istarska","FAŽANA - FASANA","8,740.48 ","9,321.04 ","10,199.62 ","8,382.82 ","9,194.28 ","8,486.0","9,092.7","9,700.48","","","",""
"1155","Koprivničko-križevačka","FERDINANDOVAC","z","-","-","z","-","-","z",".","","","",""
"1163","Osječko-baranjska","FERIČANCI","-","-","-","-","-","-","-",".","","","",""
"6297","Istarska","FUNTANA - FONTANE","z","z","8,064.73 ","10,030.23 ","9,526.68 ","10,653.4","11,624.7","12,047.12","","","",""
"1171","Primorsko-goranska","FUŽINE","8,164.61 ","z","z","z","z","-","5,610.0","5,820.32","","","",""
"5711","Zadarska","GALOVAC","-","-","-","-","-","-","-",".","","","",""
"1180","Brodsko-posavska","GARČIN","-","-","z","z","-","-","z",".","","","",""
"1198","Bjelovarsko-bilogorska","GAREŠNICA","z","4,649.42 ","3,350.09 ","z","z","z","3,001.1","3,361.80","","","",""
"1201","Karlovačka","GENERALSKI STOL","-","-","-","-","-","-","-","z","","","",""
"1210","Sisačko-moslavačka","GLINA","z","z","z","-","z","z","z","z","","","",""
"1228","Koprivničko-križevačka","GOLA","z","-","z","-","-","-","z","z","","","",""
"1236","Međimurska","GORIČAN","z","-","-","-","-","-","z","z","","","",""
"1244","Osječko-baranjska","GORJANI","-","-","-","-","-","-","-",".","","","",""
"6181","Koprivničko-križevačka","GORNJA RIJEKA","z","z","-","-","-","-","-",".","","","",""
"1252","Krapinsko-zagorska","GORNJA STUBICA","-","z","-","-","-","-","z","z","","","",""
"5690","Brodsko-posavska","GORNJA VRBA","-","-","-","-","-","-","-",".","","","",""
"1279","Brodsko-posavska","GORNJI BOGIĆEVCI","-","-","-","-","-","-","-",".","","","",""
"1295","Varaždinska","GORNJI KNEGINEC","-","-","z","-","-","-","-","z","","","",""
"6041","Međimurska","GORNJI MIHALJEVEC","z","-","-","-","-","-","-","z","","","",""
"1309","Ličko-senjska","GOSPIĆ","6,119.21 ","6,159.86 ","5,314.08 ","5,365.06 ","5,047.29 ","5,166.5","4,566.1","3,144.59","","","",""
"1317","Zadarska","GRAČAC","z","z","z","z","z","-","-","z","","","",""
"1325","Istarska","GRAČIŠĆE","-","-","-","-","-","-","-",".","","","",""
"1333","Grad Zagreb","GRAD ZAGREB","9,763.10 ","9,202.80 ","8,797.67 ","8,301.80 ","8,316.35 ","9,017.4","9,458.7","10,616.12","","","",""
"1341","Splitsko-dalmatinska","GRADAC","z","z","z","z","z","z","z","z","","","",""
"1350","Zagrebačka","GRADEC","z","-","z","-","-","-","-",".","","","",""
"1368","Virovitičko-podravska","GRADINA","-","z","-","-","-","-","-",".","","","",""
"1376","Vukovarsko-srijemska","GRADIŠTE","-","-","-","z","-","-","-",".","","","",""
"1384","Istarska","GROŽNJAN - GRISIGNANA","-","-","-","z","-","-","z","z","","","",""
"1392","Bjelovarsko-bilogorska","GRUBIŠNO POLJE","z","3,765.81 ","z","-","z","z","z","3,032.24","","","",""
"1406","Brodsko-posavska","GUNDINCI","-","-","-","-","-","-","-","z","","","",""
"1414","Vukovarsko-srijemska","GUNJA","-","z","-","-","-","-","z","z","","","",""
"5100","Sisačko-moslavačka","GVOZD","-","z","-","-","z","-","z",".","","","",""
"1449","Bjelovarsko-bilogorska","HERCEGOVAC","-","z","-","-","-","-","z","z","","","",""
"1457","Koprivničko-križevačka","HLEBINE","-","-","-","-","-","-","z","z","","","",""
"1465","Krapinsko-zagorska","HRAŠĆINA","-","-","-","-","-","-","z",".","","","",""
"1481","Splitsko-dalmatinska","HRVACE","-","-","-","z","-","-","-",".","","","",""
"1490","Sisačko-moslavačka","HRVATSKA DUBICA","-","-","-","-","-","-","-","z","","","",""
"1503","Sisačko-moslavačka","HRVATSKA KOSTAJNICA","z","-","z","z","z","z","z","z","","","",""
"1520","Krapinsko-zagorska","HUM NA SUTLI","z","z","z","z","z","z","z","z","","","",""
"1538","Splitsko-dalmatinska","HVAR","10,007.88 ","12,252.56 ","12,747.42 ","z","14,776.44 ","11,589.9","13,052.2","12,210.15","","","",""
"1546","Vukovarsko-srijemska","ILOK","-","-","-","z","z","z","z",".","","","",""
"1554","Splitsko-dalmatinska","IMOTSKI","5,069.60 ","4,565.01 ","z","z","4,495.29 ","z","3,381.9","z","","","",""
"1562","Varaždinska","IVANEC","5,713.39 ","5,959.50 ","5,402.69 ","5,862.78 ","5,920.54 ","5,719.7","5,249.9","5,705.12","","","",""
"1589","Zagrebačka","IVANIĆ-GRAD","5,932.03 ","5,574.50 ","7,377.25 ","5,857.69 ","5,739.88 ","5,262.6","5,321.2","5,498.45","","","",""
"1597","Vukovarsko-srijemska","IVANKOVO","-","-","z","-","z","-","z",".","","","",""
"1619","Bjelovarsko-bilogorska","IVANSKA","-","-","-","-","-","-","-","z","","","",""
"6092","Osječko-baranjska","JAGODNJAK","-","-","-","-","-","-","-",".","","","",""
"1635","Zagrebačka","JAKOVLJE","-","z","-","-","-","-","-",".","","","",""
"1643","Požeško-slavonska","JAKŠIĆ","-","-","-","-","-","-","-",".","","","",""
"1651","Varaždinska","JALŽABET","-","-","-","-","-","-","-",".","","","",""
"5991","Dubrovačko-neretvanska","JANJINA","z","z","z","-","-","-","-",".","","","",""
"1660","Vukovarsko-srijemska","JARMINA","-","-","-","-","-","-","-",".","","","",""
"1678","Zadarska","JASENICE","z","z","z","z","576.92 ","z","z","8,827.71","","","",""
"1686","Sisačko-moslavačka","JASENOVAC","-","-","-","-","-","-","z","z","","","",""
"1694","Zagrebačka","JASTREBARSKO","z","z","z","5,191.38 ","5,023.71 ","7,167.4","5,669.2","5,578.30","","","",""
"1708","Primorsko-goranska","JELENJE","-","z","z","z","z","-","z",".","","","",""
"1716","Splitsko-dalmatinska","JELSA","z","z","z","z","z","z","z","7,407.57","","","",""
"5525","Krapinsko-zagorska","JESENJE","-","-","-","-","-","-","-",".","","","",""
"1724","Karlovačka","JOSIPDOL","-","-","z","-","-","-","z","z","","","",""
"1732","Zadarska","KALI","z","-","-","z","z","z","z","z","","","",""
"5592","Koprivničko-križevačka","KALINOVAC","-","-","-","z","z","-","z","z","","","",""
"5606","Koprivničko-križevačka","KALNIK","-","-","-","-","-","-","-",".","","","",""
"6238","Karlovačka","KAMANJE","-","-","-","-","-","-","-",".","","","",""
"1759","Istarska","KANFANAR","-","z","z","z","z","-","z","z","","","",""
"1767","Bjelovarsko-bilogorska","KAPELA","-","z","z","-","-","-","z","z","","","",""
"1775","Požeško-slavonska","KAPTOL","z","-","-","z","-","-","z",".","","","",""
"1783","Ličko-senjska","KARLOBAG","7,726.05 ","z","7,672.78 ","z","7,176.30 ","7,193.7","z","z","","","",""
"1791","Karlovačka","KARLOVAC","6,228.35 ","5,944.30 ","5,381.85 ","5,490.57 ","5,259.20 ","5,342.0","5,157.6","5,376.74","","","",""
"5967","Istarska","KAROJBA","-","-","-","z","-","-","-","z","","","",""
"1805","Primorsko-goranska","KASTAV","10,982.36 ","9,521.17 ","8,284.33 ","8,488.53 ","7,571.80 ","8,507.4","9,254.6","9,897.64","","","",""
"1813","Splitsko-dalmatinska","KAŠTELA","8,995.42 ","7,695.03 ","7,799.34 ","8,515.22 ","8,375.05 ","8,043.3","9,775.3","9,619.74","","","",""
"5975","Istarska","KAŠTELIR-LABINCI - CASTELLIERE-S. DOMENICA","z","z","9,254.83 ","z","-","z","z","z","","","",""
"1830","Šibensko-kninska","KIJEVO","-","-","-","-","-","-","-",".","","","",""
"1848","Šibensko-kninska","KISTANJE","z","-","-","-","z","-","-",".","","","",""
"1856","Brodsko-posavska","KLAKAR","-","-","-","-","-","-","z",".","","","",""
"1864","Primorsko-goranska","KLANA","z","z","z","z","-","z","z","z","","","",""
"1872","Krapinsko-zagorska","KLANJEC","z","z","-","-","z","-","-","z","","","",""
"1899","Varaždinska","KLENOVNIK","-","z","-","z","-","-","-","z","","","",""
"1902","Zagrebačka","KLINČA SELA","z","-","z","4,313.59 ","4,610.26 ","z","z","z","","","",""
"1929","Splitsko-dalmatinska","KLIS","z","z","z","9,021.07 ","8,546.10 ","9,047.8","7,295.1","9,664.84","","","",""
"1937","Zagrebačka","KLOŠTAR IVANIĆ","-","z","-","-","z","z","z","z","","","",""
"1945","Koprivničko-križevačka","KLOŠTAR PODRAVSKI","z","-","-","-","-","-","z","7.61","","","",""
"1953","Osječko-baranjska","KNEŽEVI VINOGRADI","z","-","-","z","z","-","z","z","","","",""
"1961","Šibensko-kninska","KNIN","2,363.00 ","4,483.63 ","3,462.21 ","3,954.36 ","4,140.96 ","4,573.1","3,679.2","4,912.93","","","",""
"6220","Zadarska","KOLAN","9,122.80 ","9,549.20 ","8,949.44 ","9,096.24 ","8,749.54 ","8,536.0","8,960.2","8,484.50","","","",""
"1970","Splitsko-dalmatinska","KOMIŽA","-","z","-","z","z","z","z","z","","","",""
"1988","Dubrovačko-neretvanska","KONAVLE","10,875.19 ","11,384.08 ","11,365.00 ","10,898.97 ","10,066.95 ","12,510.2","11,606.6","10,738.25","","","",""
"1996","Bjelovarsko-bilogorska","KONČANICA","-","-","-","-","-","-","-",".","","","",""
"2003","Krapinsko-zagorska","KONJŠČINA","z","z","z","z","z","z","z","z","","","",""
"2011","Koprivničko-križevačka","KOPRIVNICA","6,051.22 ","5,578.54 ","6,182.75 ","5,984.63 ","5,213.14 ","6,434.6","5,646.8","5,863.13","","","",""
"2020","Koprivničko-križevačka","KOPRIVNIČKI BREGI","z","z","-","-","z","-","z","z","","","",""
"2038","Koprivničko-križevačka","KOPRIVNIČKI IVANEC","-","-","-","-","-","-","-","z","","","",""
"2046","Dubrovačko-neretvanska","KORČULA","z","7,972.27 ","14,651.73 ","z","8,711.44 ","11,586.0","10,323.5","7,801.98","","","",""
"2054","Osječko-baranjska","KOŠKA","z","-","-","-","-","-","-","z","","","",""
"5380","Primorsko-goranska","KOSTRENA","10,409.55 ","10,579.23 ","10,606.12 ","8,740.14 ","10,215.84 ","10,030.0","9,024.7","10,892.25","","","",""
"2062","Međimurska","KOTORIBA","-","-","z","-","z","-","z",".","","","",""
"2089","Krapinsko-zagorska","KRALJEVEC NA SUTLI","-","-","-","-","-","-","-",".","","","",""
"2097","Primorsko-goranska","KRALJEVICA","7,571.82 ","z","5,999.76 ","7,016.83 ","7,411.50 ","8,004.0","7,769.8","9,038.99","","","",""
"2119","Krapinsko-zagorska","KRAPINA","6,538.23 ","7,381.01 ","6,501.86 ","6,546.63 ","5,444.64 ","6,888.6","5,485.8","5,868.88","","","",""
"2127","Krapinsko-zagorska","KRAPINSKE TOPLICE","z","z","5,845.70 ","z","z","z","5,977.1","7,142.85","","","",""
"5339","Zagrebačka","KRAŠIĆ","-","z","z","-","-","-","-","z","","","",""
"5452","Zagrebačka","KRAVARSKO","-","-","-","-","-","-","-",".","","","",""
"2135","Zagrebačka","KRIŽ","z","z","z","z","z","z","3,793.5","z","","","",""
"2143","Koprivničko-križevačka","KRIŽEVCI","5,904.11 ","5,460.61 ","6,708.54 ","5,853.07 ","5,527.57 ","5,539.7","5,622.8","5,925.76","","","",""
"2151","Primorsko-goranska","KRK","11,061.97 ","10,554.44 ","10,896.75 ","10,473.69 ","10,182.27 ","10,969.1","12,109.1","12,292.42","","","",""
"2160","Karlovačka","KRNJAK","-","-","-","-","-","-","-","z","","","",""
"2178","Istarska","KRŠAN","z","z","z","z","z","z","z","z","","","",""
"5720","Zadarska","KUKLJICA","z","z","z","-","z","z","z","z","","","",""
"2194","Dubrovačko-neretvanska","KULA NORINSKA","-","-","-","-","z","-","-",".","","","",""
"5533","Krapinsko-zagorska","KUMROVEC","z","z","-","-","z","-","-","z","","","",""
"2208","Sisačko-moslavačka","KUTINA","6,389.44 ","5,655.80 ","4,725.81 ","4,375.44 ","4,323.38 ","4,729.8","4,656.2","4,676.59","","","",""
"2216","Požeško-slavonska","KUTJEVO","-","z","-","z","z","-","z","z","","","",""
"2224","Istarska","LABIN","6,990.44 ","6,768.48 ","6,781.31 ","6,969.54 ","6,965.84 ","6,689.2","7,205.7","7,274.00","","","",""
"2232","Istarska","LANIŠĆE","-","-","-","-","-","-","-",".","","","",""
"2259","Karlovačka","LASINJA","-","-","-","-","-","-","-","z","","","",""
"2267","Dubrovačko-neretvanska","LASTOVO","z","z","z","-","z","z","z","z","","","",""
"5860","Splitsko-dalmatinska","LEĆEVICA","-","-","-","-","-","-","-",".","","","",""
"2275","Koprivničko-križevačka","LEGRAD","-","z","-","-","-","-","z","z","","","",""
"2283","Sisačko-moslavačka","LEKENIK","-","-","-","-","-","-","-",".","","","",""
"2291","Varaždinska","LEPOGLAVA","z","z","z","z","z","-","z","z","","","",""
"2305","Osječko-baranjska","LEVANJSKA VAROŠ","-","-","-","-","-","-","-",".","","","",""
"2313","Požeško-slavonska","LIPIK","z","z","z","z","z","z","z","3,110.55","","","",""
"2321","Sisačko-moslavačka","LIPOVLJANI","z","-","-","-","-","-","z",".","","","",""
"2348","Zadarska","LIŠANE OSTROVIČKE","-","-","-","-","-","-","-",".","","","",""
"2356","Istarska","LIŽNJAN - LISIGNANO","7,804.84 ","7,381.63 ","7,093.96 ","5,812.71 ","6,286.03 ","7,536.8","7,911.4","8,504.03","","","",""
"2470","Varaždinska","LJUBEŠĆICA","-","z","-","-","-","-","-","z","","","",""
"2364","Krapinsko-zagorska","LOBOR","-","-","-","-","-","-","-",".","","","",""
"2372","Primorsko-goranska","LOKVE","-","z","z","-","z","-","-",".","","","",""
"5878","Splitsko-dalmatinska","LOKVIČIĆI","-","-","-","-","-","-","-",".","","","",""
"6246","Primorsko-goranska","LOPAR","-","-","-","z","-","z","z","z","","","",""
"2399","Vukovarsko-srijemska","LOVAS","-","-","-","-","-","-","-",".","","","",""
"2402","Ličko-senjska","LOVINAC","-","-","-","-","-","-","-","z","","","",""
"2429","Primorsko-goranska","LOVRAN","12,167.96 ","11,519.14 ","11,987.37 ","6,381.55 ","10,570.97 ","11,254.0","10,862.3","12,706.75","","","",""
"2437","Splitsko-dalmatinska","LOVREĆ","-","-","z","z","-","-","-",".","","","",""
"2445","Varaždinska","LUDBREG","5,842.01 ","5,289.64 ","4,846.96 ","4,314.93 ","3,985.53 ","5,330.2","4,997.8","4,449.94","","","",""
"5487","Zagrebačka","LUKA","-","-","-","-","-","-","-",".","","","",""
"2453","Virovitičko-podravska","LUKAČ","-","-","-","z","-","-","-",".","","","",""
"6009","Dubrovačko-neretvanska","LUMBARDA","z","z","z","z","z","z","z","z","","","",""
"2461","Istarska","LUPOGLAV","-","-","-","-","-","-","-",".","","","",""
"2488","Krapinsko-zagorska","MAČE","z","z","z","-","-","-","z","z","","","",""
"5789","Osječko-baranjska","MAGADENOVAC","-","-","-","-","-","-","-",".","","","",""
"5550","Sisačko-moslavačka","MAJUR","-","-","-","-","-","-","-",".","","","",""
"2496","Splitsko-dalmatinska","MAKARSKA","12,444.89 ","11,164.28 ","7,832.44 ","10,718.76 ","10,721.29 ","11,311.0","11,084.0","11,517.57","","","",""
"2500","Međimurska","MALA SUBOTICA","-","-","-","-","-","-","-",".","","","",""
"2518","Varaždinska","MALI BUKOVEC","-","-","-","-","-","-","-",".","","","",""
"2526","Primorsko-goranska","MALI LOŠINJ","10,762.11 ","10,146.97 ","8,805.93 ","10,044.46 ","9,836.92 ","10,129.6","10,246.6","11,587.67","","","",""
"2534","Primorsko-goranska","MALINSKA-DUBAŠNICA","11,770.56 ","11,816.18 ","12,091.66 ","11,292.88 ","10,766.90 ","11,206.2","10,515.4","12,279.96","","","",""
"2542","Istarska","MARČANA","z","8,338.73 ","z","z","6,536.35 ","8,346.5","7,365.9","8,458.61","","","",""
"2569","Krapinsko-zagorska","MARIJA BISTRICA","-","-","z","-","-","z","z","z","","","",""
"5398","Zagrebačka","MARIJA GORICA","-","-","-","-","-","-","z",".","","","",""
"2577","Osječko-baranjska","MARIJANCI","-","-","-","-","-","-","-",".","","","",""
"2585","Splitsko-dalmatinska","MARINA","z","z","7,080.00 ","9,959.76 ","9,052.70 ","6,974.0","z","z","","","",""
"6106","Vukovarsko-srijemska","MARKUŠICA","-","-","-","-","-","-","-",".","","","",""
"2593","Sisačko-moslavačka","MARTINSKA VES","-","-","-","-","-","-","-",".","","","",""
"2607","Varaždinska","MARUŠEVEC","z","z","-","z","z","-","z","z","","","",""
"2615","Primorsko-goranska","MATULJI","8,608.09 ","8,859.53 ","7,785.17 ","7,173.80 ","7,594.96 ","6,638.7","7,853.4","8,471.93","","","",""
"2631","Istarska","MEDULIN","9,076.61 ","9,131.83 ","8,681.29 ","8,554.55 ","8,953.82 ","8,999.8","9,338.8","9,283.25","","","",""
"2640","Dubrovačko-neretvanska","METKOVIĆ","6,786.16 ","6,494.52 ","6,799.15 ","6,234.15 ","5,342.62 ","5,976.6","7,337.0","6,230.92","","","",""
"2658","Krapinsko-zagorska","MIHOVLJAN","-","-","-","-","-","-","-",".","","","",""
"2666","Virovitičko-podravska","MIKLEUŠ","-","-","-","-","-","-","-",".","","","",""
"2674","Splitsko-dalmatinska","MILNA","10,338.57 ","z","z","-","z","6,480.0","z","5,854.80","","","",""
"2682","Dubrovačko-neretvanska","MLJET","-","-","-","-","-","z","-","z","","","",""
"2704","Koprivničko-križevačka","MOLVE","-","-","-","z","-","-","z","z","","","",""
"2739","Primorsko-goranska","MOŠĆENIČKA DRAGA","z","z","z","z","z","z","z","13,000.27","","","",""
"2747","Istarska","MOTOVUN - MONTONA","-","-","z","z","-","-","z","z","","","",""
"2755","Primorsko-goranska","MRKOPALJ","z","z","z","-","-","-","z","z","","","",""
"876","Splitsko-dalmatinska","MUĆ","-","-","-","-","-","-","-",".","","","",""
"2763","Međimurska","MURSKO SREDIŠĆE","z","-","z","z","z","-","3,592.0","5,505.48","","","",""
"6173","Šibensko-kninska","MURTER - KORNATI","z","z","z","z","5,782.98 ","9,247.8","9,847.3","8,710.14","","","",""
"2780","Osječko-baranjska","NAŠICE","7,232.18 ","6,276.54 ","5,820.33 ","5,753.69 ","5,342.65 ","5,302.3","5,515.6","6,968.96","","","",""
"2798","Međimurska","NEDELIŠĆE","-","-","z","-","-","-","z","z","","","",""
"6122","Vukovarsko-srijemska","NEGOSLAVCI","-","-","-","-","-","-","-",".","","","",""
"2801","Splitsko-dalmatinska","NEREŽIŠĆA","-","-","-","-","-","-","z","z","","","",""
"2810","Karlovačka","NETRETIĆ","-","-","-","z","-","-","-","z","","","",""
"2950","Vukovarsko-srijemska","NIJEMCI","-","-","-","-","-","-","-","z","","","",""
"2828","Zadarska","NIN","8,541.37 ","8,331.49 ","8,272.58 ","7,992.11 ","7,736.56 ","8,084.7","7,528.6","8,358.35","","","",""
"2836","Virovitičko-podravska","NOVA BUKOVICA","-","-","-","-","-","z","-",".","","","",""
"2844","Brodsko-posavska","NOVA GRADIŠKA","4,433.49 ","4,571.05 ","4,363.83 ","4,193.62 ","4,480.50 ","3,505.3","4,027.4","3,101.26","","","",""
"2852","Brodsko-posavska","NOVA KAPELA","-","-","z","-","-","-","-","z","","","",""
"2879","Bjelovarsko-bilogorska","NOVA RAČA","-","-","-","-","z","-","z","z","","","",""
"2887","Ličko-senjska","NOVALJA","9,560.28 ","9,077.57 ","9,469.12 ","8,567.97 ","8,950.06 ","9,474.6","9,170.0","9,448.95","","","",""
"5541","Krapinsko-zagorska","NOVI GOLUBOVEC","-","-","-","-","-","-","-","z","","","",""
"2895","Varaždinska","NOVI MAROF","z","z","z","z","z","z","z","921.24","","","",""
"2909","Primorsko-goranska","NOVI VINODOLSKI","7,984.51 ","8,079.78 ","8,540.13 ","9,154.92 ","8,807.85 ","8,805.4","8,701.5","8,895.35","","","",""
"5371","Zadarska","NOVIGRAD","-","z","z","z","z","10,528.5","10,724.5","12,326.62","","","",""
"2917","Istarska","NOVIGRAD - CITTANOVA","11,505.45 ","11,303.95 ","12,102.61 ","9,903.79 ","9,243.87 ","-","z","z","","","",""
"2925","Koprivničko-križevačka","NOVIGRAD PODRAVSKI","-","z","z","-","-","-","z","z","","","",""
"5614","Koprivničko-križevačka","NOVO VIRJE","-","-","-","-","-","-","z","z","","","",""
"2933","Sisačko-moslavačka","NOVSKA","z","z","z","z","z","z","3,300.7","3,038.19","","","",""
"2941","Vukovarsko-srijemska","NUŠTAR","-","z","-","-","-","-","z",".","","","",""
"2968","Zadarska","OBROVAC","z","z","2,489.10 ","5,925.02 ","4,278.71 ","6,581.3","4,644.7","5,561.99","","","",""
"2976","Karlovačka","OGULIN","4,199.63 ","2,760.74 ","3,548.41 ","3,216.26 ","4,456.70 ","3,261.1","4,055.6","4,551.88","","","",""
"5886","Splitsko-dalmatinska","OKRUG","10,546.41 ","9,508.58 ","10,781.06 ","9,200.22 ","8,994.10 ","9,735.0","10,698.8","11,526.20","","","",""
"2992","Brodsko-posavska","OKUČANI","z","z","-","z","z","-","z","z","","","",""
"3000","Splitsko-dalmatinska","OMIŠ","12,200.77 ","11,499.78 ","9,285.71 ","11,492.60 ","9,796.89 ","10,298.3","10,918.4","11,549.34","","","",""
"3018","Primorsko-goranska","OMIŠALJ","12,061.70 ","11,131.90 ","11,361.96 ","11,129.64 ","9,860.79 ","9,655.9","9,440.2","11,131.34","","","",""
"3026","Primorsko-goranska","OPATIJA","15,846.26 ","15,691.07 ","9,361.56 ","13,279.76 ","13,354.34 ","13,449.6","13,841.6","14,445.97","","","",""
"3034","Brodsko-posavska","OPRISAVCI","-","-","-","-","-","-","-",".","","","",""
"3042","Istarska","OPRTALJ - PORTOLE","-","-","-","-","-","-","-","z","","","",""
"3069","Dubrovačko-neretvanska","OPUZEN","z","z","z","z","z","-","z","6,765.62","","","",""
"3077","Virovitičko-podravska","ORAHOVICA","z","z","z","z","z","z","z","4,569.37","","","",""
"3085","Dubrovačko-neretvanska","OREBIĆ","z","z","z","z","7,357.84 ","6,708.9","z","7,621.95","","","",""
"6050","Međimurska","OREHOVICA","-","-","-","-","z","-","-",".","","","",""
"3093","Brodsko-posavska","ORIOVAC","z","-","z","-","z","z","z","z","","","",""
"5428","Zagrebačka","ORLE","-","-","-","-","-","-","-",".","","","",""
"3115","Krapinsko-zagorska","OROSLAVJE","6,889.92 ","5,332.35 ","z","z","z","5,922.4","5,189.7","5,931.08","","","",""
"3123","Osječko-baranjska","OSIJEK","6,686.08 ","6,290.92 ","6,242.23 ","5,990.32 ","5,821.86 ","5,975.0","6,019.4","6,654.41","","","",""
"3131","Ličko-senjska","OTOČAC","4,218.13 ","z","z","z","4,816.83 ","z","4,360.9","4,233.37","","","",""
"3140","Splitsko-dalmatinska","OTOK","-","-","-","-","-","-","-",".","","","",""
"5355","Vukovarsko-srijemska","OTOK","-","-","z","-","z","-","-",".","","","",""
"3158","Karlovačka","OZALJ","z","z","z","z","z","-","z","2,622.37","","","",""
"3166","Zadarska","PAG","9,175.83 ","7,835.74 ","7,654.35 ","7,581.63 ","6,525.06 ","6,900.9","6,526.7","7,192.01","","","",""
"3174","Zadarska","PAKOŠTANE","8,149.08 ","8,772.34 ","7,739.76 ","8,237.46 ","7,992.22 ","9,116.5","7,910.9","8,754.51","","","",""
"3182","Požeško-slavonska","PAKRAC","3,683.65 ","2,937.27 ","3,516.96 ","3,369.82 ","z","z","2,888.4","2,881.61","","","",""
"3204","Zadarska","PAŠMAN","8,962.01 ","8,609.29 ","7,610.00 ","7,047.51 ","7,632.44 ","7,426.5","6,877.9","6,776.37","","","",""
"3212","Istarska","PAZIN","7,374.23 ","5,823.16 ","5,696.65 ","5,658.05 ","5,528.25 ","5,330.2","5,825.8","6,627.99","","","",""
"3239","Ličko-senjska","PERUŠIĆ","z","z","-","z","-","-","z",".","","","",""
"3247","Koprivničko-križevačka","PETERANEC","-","-","-","-","-","-","z","z","","","",""
"3255","Osječko-baranjska","PETLOVAC","-","-","-","-","-","-","-",".","","","",""
"3263","Varaždinska","PETRIJANEC","-","-","-","z","-","-","z","z","","","",""
"3271","Osječko-baranjska","PETRIJEVCI","z","-","-","-","-","-","-",".","","","",""
"3280","Sisačko-moslavačka","PETRINJA","3,921.05 ","3,599.69 ","3,400.79 ","2,958.29 ","3,227.76 ","2,430.1","3,013.4","3,264.61","","","",""
"3298","Krapinsko-zagorska","PETROVSKO","-","-","-","-","-","-","-",".","","","",""
"3301","Istarska","PIĆAN","z","-","-","z","-","-","-",".","","","",""
"5819","Šibensko-kninska","PIROVAC","z","z","z","z","z","7,192.6","7,805.9","7,390.89","","","",""
"3310","Zagrebačka","PISAROVINA","-","-","-","-","-","-","-",".","","","",""
"3328","Virovitičko-podravska","PITOMAČA","z","z","z","z","z","z","z","z","","","",""
"3336","Karlovačka","PLAŠKI","-","-","-","-","-","-","-",".","","","",""
"3344","Požeško-slavonska","PLETERNICA","z","-","-","-","-","-","z","z","","","",""
"4553","Ličko-senjska","PLITVIČKA JEZERA","z","z","z","z","z","z","1,264.3","1,320.00","","","",""
"3352","Dubrovačko-neretvanska","PLOČE","6,310.43 ","6,539.38 ","6,611.55 ","5,678.23 ","5,558.30 ","4,798.1","5,639.9","7,185.03","","","",""
"3379","Splitsko-dalmatinska","PODBABLJE","-","-","-","-","-","-","-",".","","","",""
"3387","Brodsko-posavska","PODCRKAVLJE","-","-","-","-","-","-","-",".","","","",""
"3395","Splitsko-dalmatinska","PODGORA","7,903.61 ","z","z","z","13,989.78 ","11,216.9","z","10,091.06","","","",""
"3409","Osječko-baranjska","PODGORAČ","-","-","-","-","z","-","-",".","","","",""
"2712","Osječko-baranjska","PODRAVSKA MOSLAVINA","-","-","-","-","-","-","-",".","","","",""
"6165","Koprivničko-križevačka","PODRAVSKE SESVETE","-","-","-","-","-","-","z","z","","","",""
"3417","Splitsko-dalmatinska","PODSTRANA","12,299.77 ","12,552.77 ","10,186.52 ","10,628.51 ","10,802.12 ","10,214.7","11,800.2","11,417.42","","","",""
"3425","Međimurska","PODTUREN","-","-","-","z","-","-","z","z","","","",""
"3433","Dubrovačko-neretvanska","POJEZERJE","-","-","z","-","-","-","-",".","","","",""
"5444","Zagrebačka","POKUPSKO","-","-","-","z","-","-","-",".","","","",""
"3441","Zadarska","POLAČA","-","z","z","z","z","-","-",".","","","",""
"3450","Zadarska","POLIČNIK","-","-","-","-","-","-","z",".","","","",""
"3468","Osječko-baranjska","POPOVAC","-","z","-","z","z","-","z","z","","","",""
"3476","Sisačko-moslavačka","POPOVAČA","5,960.52 ","z","z","z","z","4,393.7","z","z","","","",""
"3484","Istarska","POREČ - PARENZO","9,991.14 ","9,198.30 ","9,938.64 ","9,606.31 ","9,722.71 ","10,093.0","10,451.0","11,042.97","","","",""
"3492","Zadarska","POSEDARJE","z","7,575.98 ","z","4,534.34 ","5,554.28 ","7,545.9","7,437.3","8,760.65","","","",""
"3506","Splitsko-dalmatinska","POSTIRA","z","z","z","z","z","z","z","4,804.56","","","",""
"5738","Zadarska","POVLJANA","8,577.46 ","8,283.64 ","8,603.75 ","7,648.41 ","8,219.49 ","9,042.2","6,753.8","7,768.95","","","",""
"3514","Požeško-slavonska","POŽEGA","5,026.94 ","5,216.70 ","4,694.70 ","4,613.93 ","3,482.05 ","4,228.3","3,986.4","4,952.38","","","",""
"3522","Krapinsko-zagorska","PREGRADA","-","z","z","z","z","-","5,743.1","z","","","",""
"3549","Zadarska","PREKO","10,833.66 ","z","z","9,784.50 ","9,308.71 ","8,122.7","8,561.3","8,695.58","","","",""
"3557","Međimurska","PRELOG","5,202.28 ","z","4,278.09 ","z","z","z","z","z","","","",""
"3565","Zagrebačka","PRESEKA","z","-","-","-","-","-","-",".","","","",""
"5894","Splitsko-dalmatinska","PRGOMET","-","-","-","-","-","-","-",".","","","",""
"6203","Međimurska","PRIBISLAVEC","-","-","z","-","z","-","-",".","","","",""
"5908","Splitsko-dalmatinska","PRIMORSKI DOLAC","-","-","-","-","-","-","-",".","","","",""
"3573","Šibensko-kninska","PRIMOŠTEN","z","z","z","z","11,753.14 ","10,642.6","10,663.3","10,759.71","","","",""
"5835","Vukovarsko-srijemska","PRIVLAKA","-","-","-","-","-","7,400.5","7,612.3","z","","","",""
"5746","Zadarska","PRIVLAKA","7,103.32 ","8,578.30 ","5,338.07 ","z","7,909.63 ","-","-","7,171.32","","","",""
"884","Splitsko-dalmatinska","PROLOŽAC","-","-","-","-","-","-","-",".","","","",""
"2984","Šibensko-kninska","PROMINA","-","-","-","z","-","-","-",".","","","",""
"3581","Splitsko-dalmatinska","PUČIŠĆA","z","-","z","z","-","-","z","z","","","",""
"3590","Istarska","PULA - POLA","7,780.52 ","7,129.75 ","6,930.32 ","6,918.69 ","7,278.80 ","7,373.2","7,470.0","8,553.11","","","",""
"3603","Primorsko-goranska","PUNAT","14,146.92 ","11,102.88 ","11,723.73 ","10,986.66 ","11,480.90 ","13,310.8","6,689.2","10,882.26","","","",""
"3611","Osječko-baranjska","PUNITOVCI","-","-","-","-","-","-","-",".","","","",""
"3620","Zagrebačka","PUŠĆA","-","-","-","-","-","-","-",".","","","",""
"3638","Primorsko-goranska","RAB","8,706.53 ","7,920.48 ","8,336.20 ","7,548.44 ","8,182.42 ","8,683.2","8,823.3","10,623.73","","","",""
"3646","Krapinsko-zagorska","RADOBOJ","z","-","-","-","-","-","-",".","","","",""
"5363","Zagrebačka","RAKOVEC","-","-","-","-","z","-","-","z","","","",""
"3654","Karlovačka","RAKOVICA","-","-","-","z","-","-","-",".","","","",""
"3689","Istarska","RAŠA","7,991.34 ","z","7,269.05 ","z","5,125.53 ","4,673.5","7,895.0","3,482.35","","","",""
"3662","Koprivničko-križevačka","RASINJA","-","-","-","-","-","-","z","13.59","","","",""
"3697","Primorsko-goranska","RAVNA GORA","-","-","-","-","-","-","z","z","","","",""
"3719","Zadarska","RAŽANAC","z","z","z","z","z","z","z","7,994.03","","","",""
"3727","Brodsko-posavska","REŠETARI","-","-","-","-","-","-","-","z","","","",""
"5568","Karlovačka","RIBNIK","-","-","-","-","-","-","-",".","","","",""
"3735","Primorsko-goranska","RIJEKA","9,145.32 ","8,850.99 ","8,393.47 ","8,157.13 ","8,119.43 ","8,303.3","8,725.5","9,295.09","","","",""
"5827","Šibensko-kninska","ROGOZNICA","9,590.47 ","9,118.52 ","10,696.07 ","9,827.22 ","8,673.17 ","8,388.3","10,124.0","8,807.34","","","",""
"3743","Istarska","ROVINJ - ROVIGNO","12,594.61 ","12,458.33 ","11,603.60 ","13,303.50 ","11,853.21 ","12,874.9","12,739.3","14,199.96","","","",""
"3751","Bjelovarsko-bilogorska","ROVIŠĆE","-","-","-","-","-","-","-","z","","","",""
"3760","Zagrebačka","RUGVICA","z","-","z","z","-","-","z","z","","","",""
"5916","Splitsko-dalmatinska","RUNOVIĆI","-","-","-","-","-","-","-",".","","","",""
"3778","Šibensko-kninska","RUŽIĆ","-","-","-","-","-","-","-",".","","","",""
"3786","Karlovačka","SABORSKO","-","-","-","-","-","-","-",".","","","",""
"3794","Zadarska","SALI","-","-","z","z","-","-","z","z","","","",""
"3808","Zagrebačka","SAMOBOR","7,515.35 ","6,987.84 ","7,271.39 ","6,986.44 ","6,675.96 ","6,854.2","7,005.5","7,394.14","","","",""
"5649","Bjelovarsko-bilogorska","ŠANDROVAC","-","-","-","-","-","-","z","z","","","",""
"3816","Osječko-baranjska","SATNICA ĐAKOVAČKA","-","-","-","-","-","-","-",".","","","",""
"3824","Splitsko-dalmatinska","SEGET","z","z","z","z","9,552.86 ","8,910.7","10,106.6","11,073.03","","","",""
"3832","Splitsko-dalmatinska","SELCA","z","-","z","z","z","-","z","z","","","",""
"3859","Međimurska","SELNICA","-","-","-","-","-","-","-",".","","","",""
"3867","Osječko-baranjska","SEMELJCI","z","-","-","-","z","-","z",".","","","",""
"3875","Ličko-senjska","SENJ","7,538.05 ","6,832.27 ","6,395.71 ","6,222.55 ","6,839.89 ","6,845.5","7,052.2","7,279.88","","","",""
"6084","Međimurska","ŠENKOVEC","z","-","z","-","z","-","z","z","","","",""
"4430","Splitsko-dalmatinska","ŠESTANOVAC","-","-","-","-","-","-","z","z","","","",""
"5622","Bjelovarsko-bilogorska","SEVERIN","-","-","-","-","-","-","-","z","","","",""
"4448","Šibensko-kninska","ŠIBENIK","8,081.25 ","8,048.62 ","7,747.15 ","7,396.01 ","7,840.47 ","7,494.4","7,688.7","8,380.27","","","",""
"3883","Brodsko-posavska","SIBINJ","-","z","-","-","-","-","z","z","","","",""
"5703","Brodsko-posavska","SIKIREVCI","-","-","-","-","-","-","z","z","","","",""
"3891","Splitsko-dalmatinska","SINJ","5,293.29 ","6,238.68 ","6,252.20 ","7,096.00 ","6,259.79 ","6,416.0","7,111.0","7,625.45","","","",""
"3905","Bjelovarsko-bilogorska","SIRAČ","-","-","-","-","-","-","-",".","","","",""
"3913","Sisačko-moslavačka","SISAK","5,365.41 ","4,467.79 ","4,172.21 ","4,138.63 ","3,823.08 ","3,751.6","3,883.9","4,055.29","","","",""
"4456","Zadarska","ŠKABRNJA","-","-","-","-","-","-","-",".","","","",""
"3930","Primorsko-goranska","SKRAD","-","-","-","-","z","-","-","z","","","",""
"3948","Šibensko-kninska","SKRADIN","-","z","z","z","z","-","z","z","","","",""
"3956","Virovitičko-podravska","SLATINA","4,837.92 ","5,267.60 ","4,220.14 ","4,612.85 ","3,847.97 ","3,802.3","4,214.0","3,892.15","","","",""
"3964","Brodsko-posavska","SLAVONSKI BROD","5,472.61 ","5,651.47 ","5,702.69 ","5,214.19 ","5,249.36 ","4,981.6","5,180.5","5,225.04","","","",""
"3972","Brodsko-posavska","SLAVONSKI ŠAMAC","z","-","z","-","z","-","-","z","","","",""
"3999","Dubrovačko-neretvanska","SLIVNO","z","z","z","4,870.59 ","6,513.88 ","z","9,610.8","8,052.30","","","",""
"4006","Karlovačka","SLUNJ","z","2,973.06 ","2,701.81 ","z","z","z","z","3,155.23","","","",""
"4022","Dubrovačko-neretvanska","SMOKVICA","-","-","-","z","-","-","-","z","","","",""
"6149","Osječko-baranjska","ŠODOLOVCI","-","-","-","-","-","-","-",".","","","",""
"4057","Koprivničko-križevačka","SOKOLOVAC","-","z","-","-","-","-","z","z","","","",""
"4065","Splitsko-dalmatinska","SOLIN","8,939.02 ","9,198.20 ","10,371.54 ","8,271.00 ","9,144.67 ","9,007.6","8,129.5","8,950.76","","","",""
"4472","Splitsko-dalmatinska","ŠOLTA","9,711.37 ","8,400.24 ","9,142.56 ","7,665.74 ","7,503.50 ","10,317.0","8,294.8","8,695.94","","","",""
"4073","Virovitičko-podravska","SOPJE","-","-","-","-","-","-","-",".","","","",""
"4499","Virovitičko-podravska","ŠPIŠIĆ BUKOVICA","-","-","-","-","-","-","-",".","","","",""
"4090","Splitsko-dalmatinska","SPLIT","12,501.95 ","12,138.57 ","12,433.08 ","11,306.27 ","11,867.24 ","11,964.5","13,488.1","14,022.04","","","",""
"4103","Varaždinska","SRAČINEC","-","-","-","-","-","-","-",".","","","",""
"4111","Zadarska","STANKOVCI","-","-","-","-","-","-","-",".","","","",""
"4120","Brodsko-posavska","STARA GRADIŠKA","-","-","-","-","-","z","z",".","","","",""
"4138","Splitsko-dalmatinska","STARI GRAD","z","z","-","z","7,877.04 ","9,155.6","z","8,740.74","","","",""
"4146","Vukovarsko-srijemska","STARI JANKOVCI","-","-","z","z","-","-","-",".","","","",""
"4154","Vukovarsko-srijemska","STARI MIKANOVCI","-","-","-","-","-","-","z",".","","","",""
"4162","Zadarska","STARIGRAD","7,447.87 ","z","z","z","6,765.08 ","z","7,153.9","7,930.80","","","",""
"4189","Brodsko-posavska","STARO PETROVO SELO","-","-","-","-","-","-","z","z","","","",""
"4502","Bjelovarsko-bilogorska","ŠTEFANJE","-","-","-","-","-","-","-","z","","","",""
"6289","Vukovarsko-srijemska","ŠTITAR","-","-","-","-","-","-","-","z","","","",""
"4197","Dubrovačko-neretvanska","STON","-","z","z","-","z","z","z","z","","","",""
"6068","Međimurska","STRAHONINEC","-","z","-","-","z","-","z","1,734.60","","","",""
"4529","Međimurska","ŠTRIGOVA","z","z","z","-","z","-","-","z","","","",""
"4219","Osječko-baranjska","STRIZIVOJNA","-","-","-","-","-","-","z","z","","","",""
"4227","Krapinsko-zagorska","STUBIČKE TOPLICE","z","z","z","z","z","z","6,285.1","5,149.48","","","",""
"5517","Zagrebačka","STUPNIK","-","-","-","z","-","-","-","z","","","",""
"4235","Splitsko-dalmatinska","SUĆURAJ","z","-","z","z","-","z","z","z","","","",""
"4243","Virovitičko-podravska","SUHOPOLJE","-","z","z","-","z","-","z","z","","","",""
"4251","Zadarska","SUKOŠAN","z","z","12,540.00 ","-","12,959.11 ","12,117.7","11,358.9","9,506.93","","","",""
"4260","Sisačko-moslavačka","SUNJA","-","z","-","-","-","-","-","z","","","",""
"4278","Splitsko-dalmatinska","SUPETAR","9,956.68 ","8,964.00 ","11,146.77 ","12,360.53 ","9,600.43 ","8,712.0","9,199.5","8,662.48","","","",""
"5924","Splitsko-dalmatinska","SUTIVAN","10,466.11 ","11,091.93 ","z","9,233.20 ","8,024.32 ","10,537.0","10,605.2","9,613.26","","","",""
"6076","Međimurska","SVETA MARIJA","-","-","-","-","-","-","z",".","","","",""
"4324","Istarska","SVETA NEDELJA","z","z","-","-","z","z","z","z","","","",""
"4367","Zagrebačka","SVETA NEDELJA","8,731.16 ","6,529.89 ","7,006.75 ","6,832.57 ","6,696.24 ","6,925.0","6,949.5","7,493.41","","","",""
"4375","Varaždinska","SVETI ĐURĐ","-","-","-","-","-","-","-",".","","","",""
"4286","Zadarska","SVETI FILIP I JAKOV","8,370.29 ","8,797.43 ","8,015.14 ","8,332.36 ","7,455.82 ","8,187.7","6,114.6","8,459.04","","","",""
"4383","Varaždinska","SVETI ILIJA","-","-","-","-","-","-","-","z","","","",""
"4391","Koprivničko-križevačka","SVETI IVAN ŽABNO","z","-","-","z","-","-","-","z","","","",""
"4294","Zagrebačka","SVETI IVAN ZELINA","z","z","z","z","z","z","4,771.3","5,595.20","","","",""
"4405","Međimurska","SVETI JURAJ NA BREGU","-","-","-","-","-","-","-",".","","","",""
"4308","Krapinsko-zagorska","SVETI KRIŽ ZAČRETJE","z","z","z","z","z","-","z","z","","","",""
"4316","Istarska","SVETI LOVREČ","-","-","-","-","z","-","-","z","","","",""
"4413","Međimurska","SVETI MARTIN NA MURI","z","z","z","z","z","z","z","5,664.76","","","",""
"4421","Koprivničko-križevačka","SVETI PETAR OREHOVEC","-","-","-","-","-","-","-",".","","","",""
"4332","Istarska","SVETI PETAR U ŠUMI","-","z","-","-","-","-","-","z","","","",""
"4359","Istarska","SVETVINČENAT","z","-","-","-","z","-","z","z","","","",""
"6319","Istarska","TAR-VABRIGA - TORRE-ABREGA","9,585.99 ","9,153.09 ","10,617.01 ","8,018.61 ","8,560.24 ","10,032.8","9,386.6","10,536.03","","","",""
"4537","Istarska","TINJAN","-","z","-","-","-","-","-","z","","","",""
"4545","Šibensko-kninska","TISNO","z","z","z","z","9,655.02 ","11,266.7","9,521.9","6,985.20","","","",""
"5754","Zadarska","TKON","z","z","z","z","z","z","9,670.8","z","","","",""
"4561","Vukovarsko-srijemska","TOMPOJEVCI","-","-","-","-","-","-","-",".","","","",""
"4570","Sisačko-moslavačka","TOPUSKO","z","z","z","-","z","z","z","z","","","",""
"4588","Vukovarsko-srijemska","TORDINCI","-","-","-","-","-","-","-",".","","","",""
"5576","Karlovačka","TOUNJ","z","-","z","-","z","-","z","z","","","",""
"4596","Vukovarsko-srijemska","TOVARNIK","-","-","z","-","-","-","-",".","","","",""
"6262","Šibensko-kninska","TRIBUNJ","8,105.79 ","z","z","z","z","8,689.4","7,987.7","8,595.36","","","",""
"4600","Splitsko-dalmatinska","TRILJ","z","z","z","z","z","-","z","z","","","",""
"4618","Osječko-baranjska","TRNAVA","-","-","-","-","-","-","-",".","","","",""
"4626","Varaždinska","TRNOVEC BARTOLOVEČKI","-","-","-","-","z","-","-",".","","","",""
"4634","Splitsko-dalmatinska","TROGIR","9,138.98 ","8,255.12 ","8,693.14 ","10,036.20 ","8,871.16 ","9,279.2","10,375.3","10,859.44","","","",""
"6017","Dubrovačko-neretvanska","TRPANJ","z","-","-","-","z","-","z",".","","","",""
"4642","Vukovarsko-srijemska","TRPINJA","-","-","-","-","-","-","z","z","","","",""
"5932","Splitsko-dalmatinska","TUČEPI","-","z","z","12,147.51 ","z","-","z","11,590.45","","","",""
"4669","Krapinsko-zagorska","TUHELJ","-","-","-","-","-","-","-","z","","","",""
"4677","Ličko-senjska","UDBINA","-","-","z","z","-","-","z","z","","","",""
"4685","Istarska","UMAG - UMAGO","11,581.33 ","8,546.12 ","10,783.20 ","9,898.54 ","9,713.01 ","8,667.2","10,576.4","11,267.71","","","",""
"4693","Šibensko-kninska","UNEŠIĆ","-","-","-","-","-","-","-",".","","","",""
"4715","Osječko-baranjska","VALPOVO","5,259.43 ","5,163.02 ","z","4,407.54 ","4,581.57 ","4,981.7","4,839.8","4,714.38","","","",""
"4723","Varaždinska","VARAŽDIN","6,665.66 ","6,468.72 ","6,411.33 ","6,416.78 ","6,496.62 ","6,557.2","6,626.4","7,269.22","","","",""
"4731","Varaždinska","VARAŽDINSKE TOPLICE","z","z","z","z","z","-","z","z","","","",""
"4740","Dubrovačko-neretvanska","VELA LUKA","-","z","z","z","z","z","-","z","","","",""
"4758","Požeško-slavonska","VELIKA","-","-","-","-","-","-","-","z","","","",""
"5410","Zagrebačka","VELIKA GORICA","7,826.41 ","6,878.14 ","6,676.63 ","6,509.42 ","6,634.48 ","6,559.5","6,578.3","7,402.81","","","",""
"4766","Brodsko-posavska","VELIKA KOPANICA","-","-","-","z","-","-","z",".","","","",""
"4774","Sisačko-moslavačka","VELIKA LUDINA","z","-","z","-","-","-","-","z","","","",""
"4782","Bjelovarsko-bilogorska","VELIKA PISANICA","-","-","-","-","-","-","-","z","","","",""
"5657","Bjelovarsko-bilogorska","VELIKA TRNOVITICA","-","z","-","-","-","-","z",".","","","",""
"5584","Varaždinska","VELIKI BUKOVEC","-","-","-","z","-","-","z","z","","","",""
"4804","Bjelovarsko-bilogorska","VELIKI GRĐEVAC","-","-","z","-","z","-","z","z","","","",""
"4812","Krapinsko-zagorska","VELIKO TRGOVIŠĆE","z","z","z","z","z","z","z","z","","","",""
"4839","Bjelovarsko-bilogorska","VELIKO TROJSTVO","-","-","-","-","-","-","-","z","","","",""
"4847","Varaždinska","VIDOVEC","-","-","-","-","-","-","-",".","","","",""
"4855","Osječko-baranjska","VILJEVO","-","-","-","-","-","-","-",".","","","",""
"4863","Varaždinska","VINICA","z","-","-","-","z","z","-","z","","","",""
"4871","Vukovarsko-srijemska","VINKOVCI","5,451.52 ","4,944.99 ","4,533.24 ","4,067.63 ","4,009.01 ","4,326.9","4,207.3","4,636.86","","","",""
"4880","Primorsko-goranska","VINODOLSKA OPĆINA","z","z","z","z","z","z","z","z","","","",""
"4898","Zadarska","VIR","6,599.75 ","6,010.76 ","6,576.18 ","5,915.63 ","6,448.23 ","5,874.6","7,061.2","7,630.70","","","",""
"4901","Koprivničko-križevačka","VIRJE","z","z","-","-","z","z","42.6","9.52","","","",""
"4910","Virovitičko-podravska","VIROVITICA","6,142.53 ","5,620.71 ","5,702.36 ","5,455.36 ","4,814.87 ","5,471.1","4,702.9","5,399.23","","","",""
"4928","Splitsko-dalmatinska","VIS","z","z","z","z","3,393.00 ","z","8,697.8","z","","","",""
"4944","Osječko-baranjska","VIŠKOVCI","-","-","-","-","-","-","-",".","","","",""
"4952","Primorsko-goranska","VIŠKOVO","8,104.83 ","8,108.89 ","7,503.23 ","6,208.26 ","7,365.73 ","7,252.3","7,502.7","7,784.55","","","",""
"4979","Istarska","VIŠNJAN - VISIGNANO","z","z","-","z","z","z","z","z","","","",""
"4936","Varaždinska","VISOKO","-","-","-","-","-","-","-","z","","","",""
"4987","Istarska","VIŽINADA - VISINADA","-","-","-","-","-","-","z",".","","","",""
"5797","Osječko-baranjska","VLADISLAVCI","-","z","-","z","z","-","-",".","","","",""
"4995","Virovitičko-podravska","VOĆIN","z","z","-","z","-","-","-","z","","","",""
"5002","Šibensko-kninska","VODICE","9,338.48 ","9,458.89 ","8,275.41 ","8,395.51 ","8,583.58 ","8,657.2","8,634.4","8,825.60","","","",""
"5843","Vukovarsko-srijemska","VOĐINCI","z","-","-","z","-","-","-",".","","","",""
"5029","Istarska","VODNJAN - DIGNANO","7,485.57 ","7,179.20 ","6,778.29 ","7,307.37 ","7,159.10 ","7,459.4","7,438.9","7,479.00","","","",""
"5037","Karlovačka","VOJNIĆ","z","-","-","-","-","-","z","z","","","",""
"5045","Međimurska","VRATIŠINEC","-","-","-","-","-","-","-",".","","","",""
"5053","Vukovarsko-srijemska","VRBANJA","z","-","-","z","-","-","z","z","","","",""
"5061","Brodsko-posavska","VRBJE","-","-","-","-","-","-","-",".","","","",""
"5070","Primorsko-goranska","VRBNIK","z","z","z","z","z","-","z","z","","","",""
"5088","Zagrebačka","VRBOVEC","7,432.78 ","6,045.53 ","0.02 ","5,277.54 ","4,410.25 ","6,341.7","z","7,367.42","","","",""
"5096","Primorsko-goranska","VRBOVSKO","z","z","z","z","z","z","2,587.1","415.71","","","",""
"5118","Splitsko-dalmatinska","VRGORAC","z","z","z","z","z","z","z","z","","","",""
"5126","Ličko-senjska","VRHOVINE","-","z","-","-","z","-","-","z","","","",""
"5134","Splitsko-dalmatinska","VRLIKA","-","z","-","-","z","-","z",".","","","",""
"5142","Brodsko-posavska","VRPOLJE","-","-","z","-","-","-","-",".","","","",""
"5169","Istarska","VRSAR - ORSERA","9,298.81 ","9,668.26 ","11,877.66 ","z","8,663.50 ","9,226.6","13,398.0","11,392.55","","","",""
"6254","Zadarska","VRSI","8,515.52 ","8,910.39 ","7,267.60 ","z","8,559.70 ","6,827.0","7,498.8","8,141.49","","","",""
"5177","Osječko-baranjska","VUKA","-","-","-","-","-","-","-",".","","","",""
"5185","Vukovarsko-srijemska","VUKOVAR","2,625.00 ","2,635.31 ","2,635.31 ","2,635.30 ","2,635.31 ","2,635.3","2,635.3","2,635.31","","","",""
"5193","Krapinsko-zagorska","ZABOK","7,058.94 ","5,665.57 ","7,091.53 ","6,208.78 ","4,637.48 ","5,644.1","5,620.5","6,516.17","","","",""
"5207","Zadarska","ZADAR","9,833.13 ","9,659.91 ","9,747.37 ","9,633.24 ","9,464.11 ","9,912.4","10,136.6","11,403.83","","","",""
"5959","Splitsko-dalmatinska","ZADVARJE","-","-","-","-","-","-","z",".","","","",""
"5215","Krapinsko-zagorska","ZAGORSKA SELA","-","-","-","-","-","-","-",".","","","",""
"5223","Splitsko-dalmatinska","ZAGVOZD","-","-","-","-","z","-","-",".","","","",""
"5304","Karlovačka","ŽAKANJE","-","-","-","-","-","-","-","z","","","",""
"5436","Zagrebačka","ZAPREŠIĆ","7,531.27 ","7,557.33 ","7,221.66 ","6,753.19 ","6,779.61 ","7,113.0","7,431.7","7,810.07","","","",""
"5231","Dubrovačko-neretvanska","ZAŽABLJE","-","-","-","-","-","-","-",".","","","",""
"5240","Virovitičko-podravska","ZDENCI","-","-","-","-","z","-","-",".","","","",""
"5258","Zadarska","ZEMUNIK DONJI","-","-","-","-","-","-","-","z","","","",""
"5266","Krapinsko-zagorska","ZLATAR","z","z","z","z","z","z","z","4,882.82","","","",""
"5274","Krapinsko-zagorska","ZLATAR BISTRICA","z","z","z","-","z","-","z","z","","","",""
"5282","Splitsko-dalmatinska","ZMIJAVCI","-","-","-","-","-","-","-",".","","","",""
"5312","Istarska","ŽMINJ","z","z","-","z","-","-","z","z","","","",""
"5665","Bjelovarsko-bilogorska","ZRINSKI TOPOLOVAC","-","-","-","-","-","-","-",".","","","",""
"5401","Zagrebačka","ŽUMBERAK","-","-","-","-","-","-","-",".","","","",""
"6025","Dubrovačko-neretvanska","ŽUPA DUBROVAČKA","11,638.70 ","12,346.08 ","12,626.77 ","11,275.87 ","10,016.53 ","11,509.1","12,033.3","13,199.77","","","",""
"5347","Vukovarsko-srijemska","ŽUPANJA","5,289.60 ","4,960.23 ","5,204.20 ","4,165.71 ","4,572.72 ","4,228.1","4,602.3","3,660.23","","","",""
