RED. BR,REF. BR.,PODNOSITELJ,MJESTO,BR. POŠTE,NAZIV PROJEKTA," ODOBREN1 IZNOS
SUFINANCIRANJA",GODINA
1.,,ŽUPA SV. MARKA EVANĐELISTE,SLOBODNICA,35252,"IZGRADNJA FILIJALNE CRKVE U
BARTOLOVCIMA","  200,000.00 kn ",2017
2.,,ŽUPA SV. MARTINA BISKUPA,ŠČITARJEVO,10410,SANACIJA CRKVE SV. MARTINA BISKUPA,"  100,000.00 kn ",2017
3.,,ŽUPA UZNESENJA BDM,PAKRAC,34550,"RESTAURATORSKO-KONZERVATORSKI
RADOVI NA OLTARU SV. ANTUNA
PADOVANSKOG","  200,000.00 kn ",2017
4.,,ŽUPA SV. FRANJE ASIŠKOG,LIPIK,34550,"POČETAK GRADNJE SRUŠENE CRKVE SV.
JURJA U ČAGLIĆU","  100,000.00 kn ",2017
5.,,ŽUPA SV. MARUE MAGDALENE,BADLJEVINA,34550,"OBNOVA I MODERNIZACIJA CRKVENOG
DVORIŠTA","  50,000.00 kn ",2017
6.,,ŽUPA SV. NIKOLE BISKUPA,PLETERNICA,34310,KROVIŠTE ZA SVETIŠTE,"  250,000.00 kn ",2017
7.,,ŽUPA SV. LADISLAVA KRALJA,PUNITOVCI,31400,"SANACIJA FILUALNE CRKVE NAŠAŠĆA SV.
KRIŽA U KRNDIJI","  100,000.00 kn ",2017
8.,,ŽUPA SV. EUZEBIJA I POLIONA MUČENIKA,VINKOVCI,32100,"REKONSTRUKCIJA CRKVE SV. EUZEBIJA I
POLIONA MUČENIKA","  500,000.00 kn ",2017
9.,,ŽUPA SV. LEOPOLDA MANDIĆA,VIROVITICA,33000,ELEKTRIFIKAC1JA CRKVENIH ZVONA,"  70,000.00 kn ",2017
10.,,ŽUPA SV. MARTINA BISKUPA,BELI MANASTIR,31300,"OBNOVA I SANACIJA CRKVE SV. MARTINA
BISKUPA","  184,000.00 kn ",2017
11.,,ŽUPA BEZGREŠNOG ZAČEĆA BDM,MAČE,49250,"IZGRADNJA CRKVE SV. IVANA PAVLA II U
POZNANOVCU","  200,000.00 kn ",2017
12.,,ŽUPA ROĐENJA BLAŽENE DJEVICE MARIJE,SKRADIN,22222,ZVONIK,"  150,000.00 kn ",2017
13.,,ŽUPA PRESVETOG TROJSTVA,GRUDA,20215,"ADAPTACUA I SANACIJA ŽUPNE CRKVE I
ŽUPNIH KAPELA","  200,000.00 kn ",2017
14.,,ŽUPA SV. VLAHA,STON,20230,OBNOVA ŽUPNE CRKVE SV. VLAHA,"  300,000.00 kn ",2017
15.,,FRANJEVAČKA PROVINCIJA PRESVETOGOTKUPITELJA - SAMOSTAN,ZAGREB,10000,UREĐENJE ANEKSA CRKVE MAJKE BOŽJE LURDSKE,"  400,000.00 kn ",2017
16.,,žUPA PRESVETOG TROJSTVA,DONJA STUBICA,49240,"PROJEKTIRANJE I RADOVI NA SANACIJI VLAGE
U ŽUPNOJ CRKVI","  130,000.00 kn ",2017
17.,,ŽUPA SV. ANE,LOBOR,49250,"IZVEDBA ADAPTACIJE PROČEUA ŽUPNOG
DVORA U LOBORU","  150,000.00 kn ",2017
18.,,MAKEDONSKA PRAVOSLAVNA CRKVENA OPĆINA SV. ZLATA MEGLENSKA,ZAGREB,10000,"IZGRADNJA PASTORALNOG CENTRA I PRVE
MAKEDONSKE PRAVOSLAVNE CRKVE U
REPUBLICI HRVATSKOJ l'SV. ZLATA
MEGLENSKA""","  500,000.00 kn ",2017
19.,,ŽUPA PRESVETOG SRCA ISUSOVA,KOŠUTE,21240,"UREĐENJE ŽUPNOG DVORA I INTERIJERA
CRKVE PRESVETOG SRCA ISUSOVA U
KOŠUTAMA","  100,000.00 kn ",2017
20.,,DRUŽBA MISIONARA KRVI KRISTOVE,DUGO SELO,10370,"UREĐENJE KAPELE I MISIJSKE KUĆE U
PROZORJU","  200,000.00 kn ",2017
21.,,HRVATSKO NACIONALNO SVETIŠTE MAJKE BOŽJE BISTRIČKE,MARIJA BISTRICA,49246,"IZGRADNJA ISPOVJEDAONICE U SVETIŠTU
MARIJA BISTRICA","  200,000.00 kn ",2017
22.,,REFORMIRANA KRŠĆANSKA KALVINSKA CRKVA U HRVATSKOJ,LUG,31000,"UREĐENJEM MJESNOG DOMA OMOGUĆITI
KVALITETNIJI ŽIVOT STANOVNIKA LOKALNE
ZAJEDNICE","  200,000.00 kn ",2017
23.,,ŽUPA SVETOG JOSIPA,STUBIČKE TOPLICE,49240,"IZGRADNJA CRKVE SVETOG JOSIPA U
STUBIČKIM TOPLICAMA","  200,000.00 kn ",2017
24.,,ŽUPA SV. LEOPOLDA MANDIĆA - LJUBLJANICA-VOLTINO,ZAGREB,10000,UREĐENJE INTERIJERA CRKVE,"  200,000.00 kn ",2017
25.,,DRUŽBA KĆERI MILOSRĐA TSR SV. FRANJE SAMOSTAN KĆERI MILOSRĐA,BLATO,20271,"DJEČJI VRTIć I IGRALIšTE ""MARIJA PETKOVIĆ""","  200,000.00 kn ",2017
26.,,FRANJEVAČKI SAMOSTAN,NAŠICE,31500,ADAPTACIJA RAZGLASA,"  45,000.00 kn ",2017
27.,,ŽUPA UZNESENJA BLAŽENE DJEVICE MARIJE,PAG,23250,OBNOVA CRKVE UZNESENJA MARIJINA STAROM GRADU PAGU,"  50,000.00 kn ",2017
28.,,ŽUPA UZNESENJA BLAŽENE DJEVICE MARIJE,PAG,23250,OBNOVA ZBORNE CRKVE U GRADU PAGU,"  70,000.00 kn ",2017
29.,,FRANJEVAČKI SAMOSTAN,ILOK,32236,OBNOVA SAMOSTANA ILOK - ISTOCNO KRILO,"  225,000.00 kn ",2017
30.,,ŽUPA RANJENOG ISUSA,MALA SOLINA,44400,OBNOVA ŽUPNE CRKVE U MALOJ SOLINI,"  300,000.00 kn ",2017
31.,,SRPSKA PRAVOSLAVNA PAROHIJA,RAJEVO SELO,32257,OBNOVA CRKVE SV. PROKOPIJA,"  300,000.00 kn ",2017
32.,,GRADSKI MUZEJ,KARLOVAC,47000,KARLOVAČKI MUZEJSKI PROSTOR ZA BUDUĆNOST - REKONSTRUKCUA DIJELA BIVŠEG VOJNOG KOMPLEKSA U MUZEJSKI PROSTOR ZBIRKE NAORUŽANJA IZ DOMOVINSKOG RATA,"  300,000.00 kn ",2017
33.,,ŽUPA SVETOG PETRA,SIVERIĆ,22320,OBNOVA ŽUPNE KUČE U SIVERIĆU,"  100,000.00 kn ",2017
34.,,ŽUPA POHODA BDM,GAREŠNICA,43280,SANACIJA PODA ŽUPNE CRKVE POHODA BDM,"  200,000.00 kn ",2017
35.,,ŽUPA DUBRAVICE,RUPE,22222,UREĐENJE PR1ZEMLJA ŽUPNE CRKVE SV. ANTE,"  200,000.00 kn ",2017
36.,,ŽUPA BLAŽENOG ALOJZIJA STEPINCA,SLAVONSKI BROD,35000,IZGRADNJA ŽUPNOG PASTORALNOG CENTRA ,"  200,000.00 kn ",2017
1.,,ŽUPA SV. PETRA I PAVLA,KAPTOL,34000,NOVO RUHO ŽUPNOG DVORA,"  100,000.00 kn ",2018
2.,,ŽUPA BEZGREŠOG ZAČEČA BLAŽENE DJEVICE MARUE,NOVA GRADIŠKA,35400,NASTAVAK UREĐENJA I OBNOVE ŽUPNE CRKVE - UNUTRAŠNJE UREĐENJE,"  200,000.00 kn ",2018
3.,,ŽUPA SV. JURJA MUČENIKA,MARUŠEVEC,42243,SANACIJA KROVIŠTA NA ŽUPNOJ CRKVI SV. JURJA U MARUŠEVCU,"  100,000.00 kn ",2018
4.,,ŽUPA SV. JOSIPA,SLATINA,33520,SANACIJA I REKONSTRUKCIJA CRKVE SV. JOSIPA SLATINA,"  100,000.00 kn ",2018
5.,,ŽUPA SV. BENEDIKTA,KAPELA,43000,"ZAMJENA DOTRAJALOG PODA, DRVENE STOLARIJE I UGRADNJA PODNOG GRIJANJA U CRKVI SVETOG BENEDIKTA DONJI MOSTI","  100,000.00 kn ",2018
6.,,ŽUPA SV. ILIJE PROROKA,VELIKA KOPANICA,35214,RADOVI NA OBNOVI ŽUPNE CRKVE I ŽUPNOG STANA U 2018. GODINI ŽUPE SV. ILIJE PROROKA U VELIKOJ KOPANICI,"  98,000.00 kn ",2018
7.,,ŽUPA PRESVETOG TROJSTVA,VELIKO TROJSTVO,43000,ŽUPNI DVOR KONSTRUKTIVNA SANACUA,"  100,000.00 kn ",2018
8.,,ŽUPA UZNESENJA BLAŽENE DJEVICE MARIJE,PAKRAC,34550,REKONSTRUKCUA I OBNOVA KAPELE SV. IVANA NEPOMUKA,"  150,000.00 kn ",2018
9.,,ŽUPA DUHA SVETOGA,VELIKI GRĐEVAC,43270,OBNOVA KROVIŠTA NA ŽUPNOJ CRKVI,"  100,000.00 kn ",2018
10.,,ŽUPA SV. LUKE EVANĐELISTE,NOVSKA,44330,REKONSTRUKCUA CRKVE SV. LUKE EVANĐELISTE NOVSKA,"  100,000.00 kn ",2018
11.,,CRKVA UZNESENJA BLAŽENE DJEVICE MARIJE,BRINJE,53260,PROMJENA ZVONA I UREĐENJE OKOLIŠA OKO CRKVE UZNESENJA BLAŽENE DJEVICE MARLIE,"  100,000.00 kn ",2018
12.,,ŽUPA SV. JAKOVA,KLAKAR,35000,RADOVI NA OBNOVI ŽUPNE CRKVE SV. JAKOVA U KLAKARU U 2018. GODINI,"  200,000.00 kn ",2018
13.,,ŽUPA SV. NIKOLE BISKUPA,PLETERNICA,34310,KROVIšTE ZA SVETIŠTE - FAZA II,"  100,000.00 kn ",2018
14.,,SRPSKA PRAVOSLAVNA CRKVA U HRVATSKOJ - EPARHIJA GORNJOKARLOVAČKA - CRKVENA OPĆINA,KARLOVAC,47000,SANACUA KROVIŠTA EPARHIJSKOG  DVORA,"  150,000.00 kn ",2018
15.,,ŽUPA ROĐENJA BLAŽENE DJEVICE MARIJE,SKRADIN,22222,TEMELJITA OBNOVA CRKVENOG ZVONIKA,"  100,000.00 kn ",2018
16.,,EVANGELIČKA A.V. SLOVAČKA CRKVENA OPĆINA,ILOK,32236,DOVRŠETAK IZGRADNJE EVANGELISTIČKE CRKVE U ILOKU,"  150,000.00 kn ",2018
17.,,ŽUPA SVETOG JOSIPA RADNIKA - VUKOVAR,BOROVO NASELJE,32000,UREĐENJE CRKVE GOSPE FATINSKE I ŽUPNE KUĆE U KOJOJ DJELUJU ČASNE SESTRE IZ REDA KLANJATELJICE KRVI KRISTOVE,"  200,000.00 kn ",2018
18.,,RKT ŽUPA PRESVETOG TROJSTVA,DONJA STUBICA,49240,SANACIJA KAPILARNE VLAGE U ŽUPNOJ CRKVI PRESVETOG TROJSTVA,"  150,000.00 kn ",2018
19.,,ŽUPA SVETOG ANTUNA PADOVANSKOG,STARO PETROVO SELO,35420,NASTAVAK IZGRADNJE JAVNE (SAKRALNE) GRAĐEVINE - KAPELE,"  150,000.00 kn ",2018
20.,,ZUPA SV. VIDA,PITOMAČA,33405,"ŽUPNA CRKVA - UREĐENJE PROČELJA FASADE (TORANJ CRKVE)
","  50,000.00 kn ",2018
21.,,ŽUPA SV. ANTUNA PADOVANSKOG,GENERALSKI STOL,47250,OBNOVA I ADAPTACLIA ŽUPNOG DVORA ŽUPE SVETOG ANTUNA PADOVANSKOG U GENERALSKOM STOLU,"  100,000.00 kn ",2018
22.,,ŽUPA SVETOG ILIJE PROROKA,SVETI ILIJA,42204,REKONSTRUKCIJA OBODNOG ZIDA CINTORA ŽUPNE CRKVE SVETOG ILIJE PROROKA,"  52,000.00 kn ",2018
23.,,ŽUPA SV. PEREGRINA MUČENIKA,UMAG,52470,SANACUA I UREĐENJE ZIDOVA ŽUPNE CRKVE UZNESENJA BLAŽENE DJEVICE MARIJE I SV. PEREGRINA,"  140,000.00 kn ",2018
24. ,,ŽUPA SV. MARTINA BISKUPA,BELI MANASTIR,31300,SANACIJA CRKVE SV. MARTINA BISKUPA U BELOM MANASTIRU S UREĐENJEM OKOLIŠA,"  150,000.00 kn ",2018
25.,,FRANJEVAČKI SAMOSTAN,KARLOVAC,47000,REKONSTRUKCIJA KROVIŠTA FRANJEVAČKOG SAMOSTANA,"  300,000.00 kn ",2018
26.,,ŽUPA SVIH SVETIH,SESVETE,10360,OBNOVA CRKVE SVIH SVETIH U SESVETAMA,"  200,000.00 kn ",2018
27.,,ŽUPA SV. ANE,SKENDEROVCI,34000,"UREĐENJE ŽUPNE CRKVE SV. ANE, SKENDEROVCI","  100,000.00 kn ",2018
28.,,SVETIŠTE GOSPE VOČINISKE - žUPA POHODA BDM,VOĆIN,33520,OBNOVA KROVIŠTA KONGRESNE NADSTREŠNICE U CINTORUU ŽUPNE CRK VE POHODA BDM VOČIN,"  250,000.00 kn ",2018
29.,,ŽUPA SVETE TEREZIJE AVILSKE,SUHOPOLJE,33410,IZVEDBA SPILJE GOSPE LURDSKE ZA OLTAR GOSPE LURDSKE U ŽUPNOJ CRKVI SV. TEREZIJE AVILSKE U SUHOPOLJU,"  80,000.00 kn ",2018
30.,,ŽUPA SV. MATEJA APOSTOLA I EVANĐELISTE,TOVARNIK,32249,"OBNOVA ŽUPNE CRKVE IZNUTRA, IZVANA I ŽUPNOG STANA TE UREĐENJE VANJSKOG DIJELA OBJEKTA","  150,000.00 kn ",2018
31.,,ŽUPA SV. JOSIP,LIPOVLJANI,44330,"REKONSTRUKCUA OGRADE ISPRED ŽUPNOG DVORA, ULAZA U ŽUPNO DVORIŠTE I OGRADE ISPRED CRKVE SV. JOSIPA U LIPOVLJANIMA","  100,000.00 kn ",2018
32.,,FRANJEVAČKI SAMOSTAN,ILOK,32236,SANACIJA OGRADNOG ZIDA U SREDNJOVJEKOVNOJ JEZGRI GRADA ILOKA,"  100,000.00 kn ",2018
33.,,FRANJEVAČKI SAMOSTAN BLAŽENE DJEVICE MARIJE NA NEBO UZNESENE,MAKARSKA,21300,SANACLIA I REKONSTRUKCIJA MALAKOLOŠKOG MUZEJA U MAKARSKOJ,"  500,000.00 kn ",2018
34.,,FRANJEVAČKI SAMOSTAN POHOĐENJA MARDINA PRIJEVOR,ROŽAT,20236,"SANACIJA UNUTRAŠNJOSTI FRANJEVAČKE CRKVE SV. MARIJE OD ŠPILICE, LOPUD","  100,000.00 kn ",2018
35.,,ŽUPA SV. JURJA MUČENIKA I SRCA MARIJINA,KANIŠKA IVA,43280,SANACIJA KROVIŠTA I TORNJA NA CRKVI SV. JURJA,"  150,000.00 kn ",2018
36.,,RIMOKATOLIČKA ŽUPA PRESVETOG SRCA ISUSOVA,VELIKA PISANICA,43270,ADAPTACIJA (SANACIJA) KROVIŠTA NA ŽUPNOJ CRKVI PRESVETOG SRCA ISUSOVA U VELIKOJ PISANICI,"  150,000.00 kn ",2018
37.,,ŽUPA SV. MARTINA BISKUPA,PRIVLAKA,23233,NASTAVAK RADOVA NA OBNOVI ZAŠTIĆENOG KULTURNOG DOBRA STARE CRKVE SV. MARTINA BISKUPA U PRIVLACI,"  250,000.00 kn ",2018
38.,,HRVATSKO NACIONALNO SVETIŠTE MAJKE BOŽJE BISTRIČKE,MARIJA BISTRICA,49246,IZGRADNJA ISPOVJEDAONICA U SVETIŠTU MARIJA BISTRICA- 11 FAZA,"  100,000.00 kn ",2018
39.,,ŽUPA SV. MARTINA BISKUPA,ŠĆITARJEVO,10410,NASTAVAK RADOVA NA SANACIJI ŽUPNE CRKVE-SANACIJA VLAGE,"  150,000.00 kn ",2018
40.,,ŽUPA SVETOG ROKA,SATNICA ĐAKOVAČKA,31400,ADAPTACIJA PASTORALNOG CENTRA,"  50,000.00 kn ",2018
41.,,ŽUPA GOSPE OD RUŽARIJA,VRLIKA,21236,UREDENJE OKOLIŠA CRKVE SV. JOSIPA U JEŽEVIĆU,"  150,000.00 kn ",2018
42.,,ŽUPA KRISTA KRALJA - BRODSKI VAROŠ,SLAVONSKI BROD,35000,ADAPTACIJA I OBNOVA ZGRADE PASTORALNOG CENTRA,"  200,000.00 kn ",2018
43.,,ŽUPA SV. AGNEZE DJEVICE I MUČENICE,MEDULIN,52100,OBNOVA ZVONIKA CRKVE SV. AGNEZE U MEDULINU,"  230,000.00 kn ",2018
44.,,PAVLINSKI SAMOSTAN MAJKE BOŽJE SNJEŽNE,KARLOVAC,47000,KONSTRUKTIVNA SANACIJA KLIZIŠTA UZ PAVLINSKI SAMOSTAN U KAMENSKOM,"  100,000.00 kn ",2018
45.,,HRVATSKA PAVLINSKA PROVINCIJA,KARLOVAC,47000,"KRIŽNI PUT ""STOPAMA OCA DANIJELA HEKIĆA""","  250,000.00 kn ",2018
46.,,ŽUPA PRESVETOG TROJSTVA,TURNAŠICA,33405,ADAPTACIJA ŽUPNE KUĆE U TURNAŠICI,"  250,000.00 kn ",2018
47.,,ŽUPA SVETE MARGARETA,DONJA DUBRAVA,10000,OBNOVA CRKVE SVETE MARGARETE,"  150,000.00 kn ",2018
48.,,ŽUPA UZVIŠENJA SVETOG KRIŽA,OPRISAVCI,35212,SANACIJA I OBNOVA žUPNE CRKVE UZVIŠENJA SVETOG KRIŽA,"  200,000.00 kn ",2018
49.,,FRANJEVAČKI SAMOSTAN,VUKOVAR,32000,PROŠIRENJE SMJEŠTAJNOG KAPACITETA I OPREME U HODOČASNIČKO-TURISTIČKU PONUDU,"  200,000.00 kn ",2018
50. ,,ŽUPA SV. EUZEBIJA I POLIONA MUČENIKA,VINKOVCI,32100,REKONSTRUKCIJA CRKVE SV. EUZEBIJA I POLIONA MUČENIKA,"  250,000.00 kn ",2018
51.,,ŽUPA BLAŽENE DJEVICE MARIJE KRALJICE NEBA I ZEMLJE,PLOČE,20340,"IZRADA CENTRALNOG KAMENOG PLATOA ZA ODRŽAVANJE MISNIH I
EUHARISTIČKIH SLAVLJA, KULTURNIH I VJERSKIH PRIREDBI","  200,000.00 kn ",2018
52.,,ŽUPA GOSPE U SITI,PODSTRANA,21311,UREĐENJE TRGA CRKVE GOSPE U SITI,"  250,000.00 kn ",2018
53.,,ŽUPA SV. ROKA KRATEČKO,GUŠĆE,44000,OBNOVA CRKVE I UREĐENJE DVORIŠNOG CRKVENOG PROSTORA U PRELOŠČICI,"  100,000.00 kn ",2018
54.,,ŽUPA SV. PETRA I PAVLA APOSTOLA,KAŠINA,10362,OBNOVA FASADE ŽUPNE CRKVE,"  100,000.00 kn ",2018
55.,,ŽUPA SV. JURE,RUPE,22222,UREĐENJE PRIZEMLJA ŽUPNE KUĆE U RUPAMA,"  100,000.00 kn ",2018
56.,,ŽUPA SV. MARKA,KORČULA,20260,IZGRADNJA CRKVE I PASTORALNOG CENTRA SV. ANTUNA (2. FAZA),"  250,000.00 kn ",2018
57.,,ŽUPA SVETOG ANDRIJE APOSTOLA,DONJI ANDRIJEVCI,35214,REKONSTRUKCIJA PLINSKOG GRIJANJA U CRKVI SVETE ANE U STARIM PERKOVCIMA,"  90,000.00 kn ",2018
58.,,ŽUPA POHODA B.D.M.,GAREŠNICA,43280,SANACIJA CRKVE U NASELJU KAPELICA,"  100,000.00 kn ",2018
59.,,ŽUPA SV. FRANJE ASIŠKOG,LIPIK,34550,NASTAVAK IZGRADNJE CRKVE SV. JURJA U ČAGLIĆU,"  150,000.00 kn ",2018
60.,,ŽUPA SV. LUKE EVANĐELISTE,LUKAČ,33000,ADAPTACIJA KAPELE TURANOVAC - GOSPA SNJEŽNA,"  70,000.00 kn ",2018
61.,,ŽUPA SV. VIDA,OKUČANI,35430,"SANACIJA ULAZNIH STEPENICA, PLATOA OKO CRKVE I UREĐENJE DIJELA ULAZNOG PROČELJA CRKVE I DIJELA ZVONIKA CRKVE SV. VIDA U OKUČANIMA","  100,000.00 kn ",2018
62.,,ŽUPNA CRKVA PRESVETOG TROJSTVA,KRAPINSKE TOPLICE,49217,SANACIJA DOTRAJALOG DRVENOG STEPENIŠTA U ZVON1KU (TORNJU) ŽUPNE CRKVE PRESVETOG TROJSTVA KRAPINSKE TOPLICE,"  90,000.00 kn ",2018
63.,,ŽUPA PRESVETOG TROJSTVA,ROVIŠĆE,43000,IZGRADNJA KAPELICE SA ZVONIKOM U NASELJU PODGORICI,"  100,000.00 kn ",2018
64.,,RIJEČKA NADBISKUPIJA - KATEDRALA SV. VIDA,RIJEKA,51000,"NASTAVAK RADOVA NA OBNOVI CRKVENOG NAMJEŠTAJA
(ISPOVJEDAONICE, KLUPE)","  200,000.00 kn ",2018
65.,,DRUŽBA MISIONARA KRVI KRISTOVE,ZAGREB,10000,UREĐENJE KAPELE I MISIJSKE KUĆE U PROZORJU,"  100,000.00 kn ",2018
66.,,FRANJEVAČKI SAMOSTAN SV. ROKA,VIROVITICA,33000,OBNOVA SVETOHRANIŠTA GLAVNOG OLTARA U CRKVI SV. ROKA,"  150,000.00 kn ",2018
67.,,ŽUPA SVETE BARBARE,JAKŠIĆ,34000,OBNOVA KAPELICE SV. JURJA U RAJSAVCU,"  100,000.00 kn ",2018
68.,,ŽUPA BEZGREŠNOG ZAČEĆA BDM,MAČE,49250,IZGRADNJA CRKVE SV. IVANA PAVLA II U POZNANOVCU - II FAZA,"  100,000.00 kn ",2018
69.,,ŽUPA MUČENIŠTVA SVETOG IVANA KRSTITELJA,ŽUPANJA,32270,ZGRADA ŽUPNOG CARITASA,"  100,000.00 kn ",2018
70.,,ZADARSKA NADBISKUPIJA,ZADAR,23000,"ZVONIK ŽUPNE CRKVE ROĐENJA BDM, ZAPUNTEL, OTOK MOLAT","  80,000.00 kn ",2018
71.,,ŽUPA SV. MIHOVIL,MURTER,22243,OBNOVA FASADE NA ŽUPNOJ KUĆI U MURTERU,"  100,000.00 kn ",2018
72.,,HRVATSKA PROVINCIJA KARMELIČANKI BOŽANSKOG SRCA ISUSOVA - SAMOSTAN KARMELSKE GOSPE,SLAVONSKI BROD,35000,SANACIJA SAMOSTANA SESTARA KARMELIČANIKI,"  70,000.00 kn ",2018
73.,,ŽUPA SV. VINICA PALLOTTIJA,VINKOVCI,32100,REKONSTRUKCIJA CRKVE SV. VINKA PALLOTTIJA,"  200,000.00 kn ",2018
74.,,ŽUPA BEZGREŠNOG SRCA MARIJINA,VINKOVCI,32100,OBNOVA INTERDERA ŽUPNE CRKVE BSM,"  200,000.00 kn ",2018
75.,,ŽUPA SV. MIHAELA ARKANĐELA,LOVAS,32236,REKONSTRUKCIJA RIMOKATOLIČKE KAPELICE NA GROBLJU U LOVASU,"  100,000.00 kn ",2018
76.,,ŽUPA SV. MIHOVILA,,,"REKONSTRUKCIJA SVJETLARNIKA NA KROVU I IZMJENA KAMENANA
PODTRIJEMU CRKVE SV. MIHOVILA","  150,000.00 kn ",2018
1.,,ŽUPA PRESVETOG SRCA ISUSOVA,VELIKA PISANICA,43270,"SANACIJA/ADAPTACIJA CENTRALNOG KROVIŠTA NA ŽUPNOJ CRKVI
P RESVETOG SRCA ISUSOVA U VELIKOJ PISANICI","  100,000.00 kn ",2019
2.,,ŽUPA SV. TOME APOSTOLA,TOMAŠICA,43280,"SANACIJA KAPILARNE VLAGE CRKVE SV.TOME APOSTOLA, TOMAŠICA","  150,000.00 kn ",2019
3.,,ŽUPA SV. STJEPANA PRVOMUČENIKA,BOTINEC,10000,SANACIJA I OBNOVA ŽUPNE CRKVE SV. STJEPANA PRVOMUČENIKA U ŠTEFANJU,"  100,000.00 kn ",2019
4.,,ŽUPA PRESVETOG TROJSTVA,,,ZAŠTITNI RADOVI NA ŽUPNOM DVORU,"  80,000.00 kn ",2019
5.,,ŽUPA SV. JOSIPA,GRUBIŠNO POLJE,43290,OBNOVA ŽUPNOG DVORA CRKVE SVETOG JOSIPA U GRUBIŠNOM POLJU,"  100,000.00 kn ",2019
6.,,ŽUPA PRESVETOG TROJSTVA,ROVIŠĆE,43000,IZGRADNJA KAPELICE SA ZVONIKOM U NASELJU PODGORICI,"  50,000.00 kn ",2019
7.,,OŠ MATE LOVRAKA,VELIKI GRĐEVAC,43270,PRENAMJENA TAVANSKOG PROSTORA U KNJIŽNICU I INFORMATIČKU RADIONICU - FAZA 2,"  100,000.00 kn ",2019
8.,,ŽUPA SVETOG ANTUNA PADOVANSKOG,DARUVAR,43500,UREĐENJE CRKVE SV. ANTUNA PADOVANSKOG U DARUVARU,"  100,000.00 kn ",2019
9.,,CRKVENA OPĆINA,DARUVAR,43500,OBNOVA PROČELJA CRKVE SV. 318 BOGONOSNIH OTACA - ISTOČNI I SJEVERNI DIO,"  70,000.00 kn ",2019
10.,,ŽUPA UZNESENJA BLAŽENE DJEVICE MARIJE,KONČANICA,43500,SANACIJA KROVIŠTA KAPELE SV. PETRA I PAVLA U DARUVARSKOM BRESTOVCU,"  70,000.00 kn ",2019
11.,,ŽUPA POHODA BDM,ŠANDROVAC,43000,STOLARIJA ZA ŽUPNU KUČU TE ELEKTRIFIKACUA I OBNOVA ZVONA NA CRKVI,"  50,000.00 kn ",2019
12.,,ŽUPA SV. MARTINA BISKUPA,VELIKA TRNOVITICA,43280,"PROMJENA VANJSKE STOLAR1JE,
ULAZNA VRATA I BOJLERA NA ŽUPNOM UREDU VELIKA TRNOVITICA","  40,000.00 kn ",2019
13.,,ŽUPA BEZGRJEŠNOG ZAČEČA BLAŽENE DJEVICE MARUE,,,NASTAVAK UREĐENJA I OBNOVE ŽEPNE CRKVE - PODOPOLAGAČKI RADOVI,"  200,000.00 kn ",2019
14.,,OPĆA BOLNICA,NOVA GRADIŠKA,35400,PREUREĐENJE ODJELA ZA PEDLIATRIJU OPĆE BOLNICE NOVA GRADIŠKA II FAZA,"  200,000.00 kn ",2019
15.,,ŽUPA SVETOG M1HAELA ARKANĐELA,STARA GRADIŠKA,35430,OBNOVA U RATU UNIŠTENE KAPELICE PREOBRAŽENJA GOSPODNJEG U NOVOM VAROŠU,"  50,000.00 kn ",2019
16.,,ŽUPA DUHA SVETOGA,SLAVONSKI BROD,35000,IZMJENA SUSTAVA GRIJANJA U ŽUPNOJ CRKVI ŽUPE DUHA SVETOG U SLAVONSKOM BRODU,"  50,000.00 kn ",2019
17.,,ŽUPA SV. MARKA EVANĐELISTE,SLOBODNICA,35252,IZGRADNJA FILIJALNE CRKVE U BARTOLOVCIMA - VANJSKI RADOVI,"  150,000.00 kn ",2019
18.,,ŽUPA SV. JAKOVA,KLAKAR,35000,RADOVI NA OBNOVI ŽUPNE CRKVE SV. JAKOVA U KLAKARU,"  150,000.00 kn ",2019
19.,,ZLATNI CEKIN - POLIKLINIKA ZA REHABILITACIJU DJECE,SLAVONSKI BROD,35000,"OBNOVA, ADAPTACIJA I MODERNIZACIJA PROSTORA I OPREME USTANOVE ZA REHABILITACIJU I PRUŽANJE SOCIJALNIH USLUGA DJECI STEŠKOĆAMA U RAZVOJU ""ZLATNI CEKIN""","  150,000.00 kn ",2019
20.,,FRANJEVAČKI SAMOSTAN PRESVETOG TROJSTVA,,,OBNOVA I SANACUA KROVIŠTA CRKVE I SAMOSTANA,"  200,000.00 kn ",2019
21.,,OŠ SIBINJSKIH ŽRTAVA,SIBINJ,35252,U ZDRAVOM TIJELU ZDRAV DUH,"  150,000.00 kn ",2019
22.,,ŽUPA DUHA SVETOGA,GORNJI BOGIČEVCI,35430,SANACIJA KROVA ŽUPNE CRKVE,"  50,000.00 kn ",2019
23.,,ŽUPA SV. VIDA,,,REKONSTRUKCIJA ŽUPNE CRKVE SV. VIDA U OKUČANIMA,"  200,000.00 kn ",2019
24.,,ŽUPA POHOĐENJA BLAŽENE DJEVICE MARIJE,,,ADAPTACLIA ŽUPNOG STANA,"  30,000.00 kn ",2019
25. ,,ŽUPA SV. ILIJE PROROKA,VELIKA KOPANICA,35214,RADOVI NA OBNOVI OGRADE OKO CRKVE I ŽUPNOG STANA ŽUPE SV. ILIJE PROROKA U VELIKOJ KOPANICI,"  200,000.00 kn ",2019
26.,,ŽUPA SV. EMERIKA,ORIOVAC,35250,"REKONSTRUKCIJA I OBNOVA
SAKRISTIJE I POSTAVLJANJE CENTRALNOG GRIJANJA U CRKVI SV. EMERIKA","  70,000.00 kn ",2019
27.,,PAROHIJA,NOVA GRADIŠKA,35400,REKONSTRUKCIJA PRAVOSLAVNE CRKVE U NASELJU VRBOVLJANI U OKUČANIMA,"  50,000.00 kn ",2019
28.,,F'RANJEVAČKI SAMOSTAN UZNESENJA BLAŽENE DJEVICE MARIJE,BADIJA,20260,SANACIJA KROVIŠTA I POTKROVLJA ZGRADE SJEMENIŠTA FRANJEVAČKOG SAMOSTANA UZNESENJA BLAŽENE DJEVICE MARIJE,"  100,000.00 kn ",2019
29.,,ŽUPA SVETOG VLAHA,STON,20230,UREĐENJE UNUTRAŠNJOSTI CRKVE SVETOG VLAHA U STONU,"  150,000.00 kn ",2019
30.,,ŽUPA SVIH SVETIH,BLATO,20271,UREĐENJE PRIZEMLJA ŽUPNOG DVORA U BLATU,"  200,000.00 kn ",2019
31.,,ŽUPA SRCA ISUSOVA I MARIJINA,VIDONJE,20350,UREDENjE UNUTRAŠNJOSTI CRKVE SRCA ISUSOVA I MARIJINA,"  100,000.00 kn ",2019
32.,,GRADSKO KAZALIŠTE MARINA DRŽIĆA,DUBROVNIK,20000,MODERNIZACIJA RASVJETNOG PARKA KAZALIŠTA MARINA DRŽIĆA,"  90,000.00 kn ",2019
33.,,ŽUPA SV. ANTE PADOVANSKOG,KOMIN,20340,OBNOVA ŽUPNE KUĆE U KOMINU,"  90,000.00 kn ",2019
34.,,SRPSKA PRAVOSLAVNA CRKVENA OPĆINA,DUBROVNIK,20000,REKONSTRUKCIJA PROSTORA NA PRVOM KATU (ZAPAD) U PALAČI BONDA,"  70,000.00 kn ",2019
35.,,ŽUPA SV. TEREZIJE OD DJETETA ISUSA,RIJEKA,51000,UVOĐENJE SUSTAVA GRIJANJA I HLAĐENJA I ENERGETSKE OBNOVE PASTORALNOG CENTRA (CRKVE),"  200,000.00 kn ",2019
36.,,HRVATSKA SALEZIJANSKA PROVINCUA  SALEZIJANCI JARUN,ZAGREB,10000,SVETIŠTE SVETA MATI SLOBODE - SANACIJA KROVA I IZGRADNJA DIZALA,"  200,000.00 kn ",2019
37.,,FRANJEVAČKA PROVINCIJA PRESVETOGOTKUPITELJA - SAMOSTAN,ZAGREB,10000,IZGRADNJA ANEKSA CRKVE MAJKE BOŽJE LURDSKE,"  200,000.00 kn ",2019
38.,,MAKEDONSKA PRAVOSLAVNA CRKVENA OPĆINA SV. ZLATA MEGLENSKA,ZAGREB,10000,"IZGRADNJA PASTORALNOG CENTRA I PRVE MAKEDONSKE PRAVOSLAVNE CRKVE U REP. HRVATSKOJ ""SV. ZLATA MEGLENSKA""","  200,000.00 kn ",2019
39.,,ŽUPA SV. PETRA I PAVLA,KAŠINA,10000,OBNOVA PROČELJA CRKVE SV. PETRA I PAVLA KAŠINA,"  150,000.00 kn ",2019
40.,,ŽUPA SVIH SVETIH,SESVETE,10000,OBNOVA ORGULJA 1 CRKVE SVIH SVETIH U SESEVETAMA,"  150,000.00 kn ",2019
41.,,SAMOSTAN HERCEGOVAČKIH FRANJEVACA,ZAGREB,10000,RADOVI NA ENERGETSKOJ OBNOVI PROČELJA I KROVOVA CRKVE BEZGRIJEŠNOG ZAČEĆA BDM,"  150,000.00 kn ",2019
42.,,SAMOSTAN KRALJICE KARMELA,BREZOVICA,10257,OBNOVA FASADE,"  150,000.00 kn ",2019
43.,,KLANJATELJICE KRVI KRISTOVE,,,"IZGRADNJA I UREĐENJE APOSTOLSKOG CENTRA l DOMA ZA STUDENTICE ""MARUA DE MATTIAS""","  100,000.00 kn ",2019
44.,,ŽUPA SV. BARBARE (KBC ZAGREB -REBRO),ZAGREB,10000,SANACIJA CRKVE SV. BARBARE U KOMPLEKSU KBC-A ZAGREB REBRO,"  100,000.00 kn ",2019
45.,,ŽUPA SV. LEOPOLDA MANDIĆA - LJUBLJANICA-VOLTINO,ZAGREB,10000,MULTIMEDIJSKA DVORANA PASTORALNOG CENTRA,"  100,000.00 kn ",2019
46.,,ŽUPA SV. KLARE DJEVICE,ZAGREB,10000,GRAĐEVINSKI I SOBOSLIKARSKI RADOVI,"  50,000.00 kn ",2019
47.,,ŽUPA REMETINEC,BLATO,10000,OBNOVA ANEKSA KAPELE,"  60,000.00 kn ",2019
48.,,DRUŽBA SESTARA SLUŽAVKI MALOG ISUSA-VRHOVNA UPRAVA,,,SANACIJA I UREĐENJE KUHINJE,"  50,000.00 kn ",2019
49.,,ŽUPA SV. PETAR I PAVAO,SVETI PETAR U ŠUMI,52341,UREĐENJE I SANACIJA HRVATSKE ČITAONICE,"  150,000.00 kn ",2019
50.,,ŽUPA SV. AGNEZE DJEVICE I MUČENICE,MEDULIN,52100,UNUTARNJE I VANJSKO OSVJETLJENJE CRKVE SV. AGNEZE U MEDULINU,"  150,000.00 kn ",2019
51.,,ARHEOLOŠKI MUZEJ ISTRE,PULA,52100,"REKONSTRUKCIJA ZGRADE
_ ARHEOLOŠKOG MUZEJA ISTRE","  100,000.00 kn ",2019
52. ,,OŠ VLADIMIRA NAZORA,POTPIĆAN,52333,ZA DJECU NAŠE ZAJEDNICE,"  100,000.00 kn ",2019
53.,,OSNOVNA ŠKOLA JOŽE ŠURANA,VIŠNJAN,52440,REKONSTRUKCIJA ŠKOLSKE ZGRADE IZ 1896. GODINE,"  100,000.00 kn ",2019
54.,,OSNOVNA ŠKOLA VLADIMIRA NAZORA,PAZIN,52000,KLIMATIZACLIA PODRUČNE OSNOVNE ŠKOLE U SV. PETRU U ŠUMI,"  80,000.00 kn ",2019
55.,,"OSNOVNA ŠKOLA ""VAZMOSLAV GRŽALJA""",LANIŠĆE,,REKONSTRUKCLIA KROVA PODRUČNE ŠKOLE LANIŠĆE,"  50,000.00 kn ",2019
56.,,UČENIČKI DOM,PULA,52100,ADAPTACIJA PROSTORA U PRIZEMLJU (AMBULANTA I DODATNI STAMBENI PROSTOR ZA UČENIKE),"  50,000.00 kn ",2019
57.,,O.Š. VIDIKOVAC,PULA,52100,REKONSTRUKCIJA I SANACIJA SANITARNOG ČVORA,"  50,000.00 kn ",2019
58.,,DJEČJI VRTIČ OLGA BAN,PAZIN,52000,TEKUĆE I INVESTICUSKO ODRŽAVANJE DJEČJEG VRTIĆA OLGA BAN PAZ1N,"  50,000.00 kn ",2019
59.,,DJEČJI VRTIĆ BUBAMARA,LIŽNJAN,52100,OBNOVA ZGRADE VRTIĆA BUBAMARA LIŽNJAN,"  50,000.00 kn ",2019
60.,,PAZINSKI KOLEGIJ - KLASIČNA GIMNAZIJA S PRAVOM JAVNOSTI,PAZIN,52000,ZAMJENA STOLARDE U BLAGOVAONI I U AULI MAGNOJ PAZINSKOG KOLEGIJA,"  80,000.00 kn ",2019
61.,,FRANJEVAČKI SAMOSTAN,KARLOVAC,47000,SANACIJA KROVIŠTA CRKVE PRESVETOG TROJSTVA,"  150,000.00 kn ",2019
62.,,ŽUPA UZAŠAŠĆA ISUSOVA,CEROVNIK,47300,UREĐENJE ŽUPNE CRKVE CEROVNIK,"  150,000.00 kn ",2019
63.,,DOM ZDRAVLJA,SLUNJ,47240,ADAPTACIJA I UREĐENJE PROSTORA ZA FIZIKALNU TERAPIJU-II FAZA RADOVA,"  150,000.00 kn ",2019
64.,,ŽUPA UZNESENJA BDM,OŠTARIJE,47300,UNUTARNJE I VANJSKO UREĐENJE ŽUPNOG DOMA OŠTARIJE,"  150,000.00 kn ",2019
65.,,ŽUPA SVETOG ANTUNA PADOVANSKOG,,,OBNOVA I ADAPTACIJA ŽUPNOG DVORA ŽUPE,"  100,000.00 kn ",2019
66.,,ŽUPA UZNESENJA BLAŽENE DJEVICE MARIJE,CETINGRAD,47240,UREDENJE OKOLIŠA CRKVE UZNESENJA BLAŽENE DJEVICE MARUE U CETINGRADU,"  80,000.00 kn ",2019
67.,,CRKVENA OPĆINA,PLAŠKI,47300,OBNOVA KROVIŠTA I ZAMJENA POSTOJEĆEG POKROVA BAKRENIM ZAŠTIĆENOG KULTURNOG DOBRA - HRAMA VAVEDENJA PRESVETE BOGORODICE U PLAŠKOM,"  50,000.00 kn ",2019
68.,,SPC EPARHIJA GORNJOKARLOVAČKA-MANASTIR BOGORODICE TROJERUČICE,DONJI BUDAČKI,47220,IZGRADNJA MANAS1IRSKE KAPELE,"  50,000.00 kn ",2019
69.,,SPC U HRVATSKOJ - EPARHIJA GORNJOKARLOVAČKA CRKVENA OPĆINA TREBINJA,TREBINJE,89000,"SANACIJA KROVIŠTA CRKVE
ROŽDESTVA PRESVETE BOGORODICE U GORNJOJ TREBINJI","  50,000.00 kn ",2019
70.,,ŽUPA SV. ANTUNA PADOVANSKOG,VOJNIĆ,47220,UREĐENJE PROMETNO-PJEŠAČKE POVRŠINE ISPRED CRKVE U VOJNIĆU IZGRADNJOM ASFALTNOG PLATOA,"  50,000.00 kn ",2019
71.,,ŽUPA BLAŽENOG ALOJZIJA STEPINCA,,,UREĐENJE ZAJEDNIČK111 VIŠENAMJENSKIH PROSTORIJA U SUTERENU CRKVE,"  100,000.00 kn ",2019
72.,,ŽUPA ROĐENJA BLAŽENE DJEVICE MARIJE,,,SANACIJA VLAGE NA GRAĐEVINI CRKVE ROĐENJA BLAŽENE DJEVICE MARIJE U DRNJU,"  100,000.00 kn ",2019
73.,,"OSNOVNA ŠKOLA ""VLADIMIR NAZOR""",KRIŽEVCI,48260,"SANACIJA FASADE NA STAROJ ZGRADI OSNOVNE ŠKOLE ""VLADIMIR NAZOR""","  100,000.00 kn ",2019
74.,,ŽUPA POHODA BDM,,,SANACIJA I ADAPTACUA KROVIŠTA ŽUPNE CRKVE,"  80,000.00 kn ",2019
75.,,ŽUPA SV. PETRA I PAVLA,PETERANEC,48316,OBNOVA FASADE I KROVIŠTA NA ŽUPNOJ CRKVI SV. PETRA I PAVLA U PETERANCU,"  80,000.00 kn ",2019
76.,,ŽUPA SV. MARKA EVANĐELISTA,SIGETEC,48316,OBNOVA FASADE ŽUPNE CRKVE U SIGECU I UREĐENJE OKOLIŠA OKO CRKVE,"  80,000.00 kn ",2019
77.,,ŽUPA SV. KATARINE,HLEBINE,48316,ADAPTACIJA ŽUPNE DVORANE TE IZRADA KRIŽNOG PUTA U HLEBINAMA,"  80,000.00 kn ",2019
78.,,ŽUPA SV. FRANJE KSAVERSKOG,KOZAREVAC,48350,UREĐENJE ŽUPNE CRKVE SV. FRANJE KSAVERSKOG U KOZAREVCU,"  80,000.00 kn ",2019
79. ,,ŽUPA SV. JURJA,,,ADAPTACUA PODA U CRKVI SV. JURJA,"  100,000.00 kn ",2019
80.,,HRVATSKO NACIONALNO SVETIŠTE MAJKE BOŽJE BISTRIČKE,MARIJA BISTRICA,49246,SANACIJA KAPILARNE VLAGE NA LOKACIJI ŽUPNOG DVORIŠTA UZ BAZILIKU B.D. MARIJE,"  150,000.00 kn ",2019
81.,,ŽUPA BEZGREŠNOG ZAČEĆA BDM MAČE,POZNANOVEC,49221,UNUTARNJE UREĐENJE CRKVE SV. IVANA PAVLA H U POZNANOVCU,"  150,000.00 kn ",2019
82.,,ŽUPA SV. ANE,LOBOR,49250,REKONSTRUKCIJA GRUANJA U kUPNOJ CRKVI SVETE ANE U LOBORU,"  100,000.00 kn ",2019
83.,,ŽUPA SV. DOMINIKA,KONJŠČINA,49282,MODERNIZACIJA - DOVRŠETAK RADOVA NA VJERSKOM CENTRU KONJŠČINA,"  100,000.00 kn ",2019
84.,,ŽUPA SVETOG JOSIPA,STUBIČKE TOPLICE,49240,ZAVRŠNI RADOVI NA FASADI CRKVE SV. JOSIPA U STUBIČKIM TOPLICAMA,"  100,000.00 kn ",2019
85.,,ŽUPA SVETOG PETRA APOSTOLA,PRIŠLIN,49231,OBNOVA CRKVE U PRIŠLINU,"  100,000.00 kn ",2019
86.,,ŽUPA PRESVETOG TROJSTVA,,,SANACIJSKI HIDROIZOLACIJSKI RADOVI NA STUPOVIMA KOJI NOSE SVODOVE GLAVNOG I SJEVERNOG BRODA CRKVE,"  120,000.00 kn ",2019
87.,,ŽUPA UBD MARIJE,OROSLAVJE,49243,RADOVI NA SANACIJI UNUTARNJIH ZIDOVA OD VLAGE TE IZRADA KANALA U PODU ZA CENTRALNO GRIJANJE,"  50,000.00 kn ",2019
88.,,ŽUPA UZVIŠENJA SV. KRIŽA,PERUŠIĆ,53202,SANACIJA I OBNOVA OGRADNOG ZIDA OKO CRKVE UZVIŠENJA PRESVETOGA KRIŽA U PERUŠIĆU,"  80,000.00 kn ",2019
89.,,ŽUPA SV. KATARINE,NOVALJA,53291,REKONSTRUKCIJA I UREĐENJE VANJSKIH PROSTORA CRKVE SV. KATARINE U NOVALJI,"  100,000.00 kn ",2019
90.,,DJEČJI VRTIČ TRATINČICA,BRINJE,53260,GRADNJA I UREĐENJA PARKINGA DV TRANTIČICA,"  130,000.00 kn ",2019
91.,,ŽUPA ROĐENJA BLAŽEN E DJEVICE MARIJE,MALA SUBOTICA,40000,"UREĐENJE RASVJETE I
REKONSTRUKCIJA SUSTAVA ZVONA U CRKVAMA U MALOJ SUBOTICI I SVETOM KRIŽU","  90,000.00 kn ",2019
92.,,ŽUPA SVETE MARGARETE,,,OBNOVA CRKVE SVETE MARGARETE - II FAZA,"  110,000.00 kn ",2019
93.,,OSNOVNA ŠKOLA TOMAŠA GORIČANICA,MALA SUBOTICA,40000,SANACIJA PRISTUPNOG PUTA OŠ TOMAŠA GORIČANCA MALA SUBOTICA,"  100,000.00 kn ",2019
94.,,DAKOVAČKO-OSJEČKA NADBISKUPIJA,ĐAKOVO,31400,GRADEVINA JAVNE I DRUŠTVENE DJELATNOSTI DOMA ZA UMIROVLJENE SVEĆENIKE ĐAKOVAČKO-OSJEČKE NADBISKUPUE,"  150,000.00 kn ",2019
95.,,ŽUPA SV. ANE,BROĐANCI,31550,OBNOVA FASADE ŽUPNE CRKVE SV. ANE U BROĐANCIMA,"  100,000.00 kn ",2019
96.,,ŽUPA PREOBRAŽENJA GOSPODINOVOG,PIŠKOREVCI,31400,"OBNOVA I REKONSTRUKCIJA ŽUPNE KUĆE, DVORA ZA ŽUPNE SUSRETE I PRATEĆIH PROSTORA ŽUPE PIŠKOREVCI","  100,000.00 kn ",2019
97.,,ŽUPA SVETOG MARTINA BISKUPA,PODRAVSKI PODGAJCI,31540,ULAGANJE U ELEKTRIFIKACIJI ZVONA CRKVE SV. MARTINA I CRKVE SV. JURJA,"  100,000.00 kn ",2019
98.,,FRANJEVAČKI SAMOSTAN SV. ANTUNA PADOVANSKOG,SISAK,44000,OBNOVA SAMOSTANSKIH PROZORA,"  100,000.00 kn ",2019
99.,,ŽUPA SV. ROZALIJE IVANOVAC- CRKVA,ERNESTINOVO,31200,SANACIJA STOLARUE I UGRADNJA VITRAJA NA CRKVI PRESVETOG TROJSTVA U ERNESTINOVU,"  100,000.00 kn ",2019
100.,,ŽUPA SV. MARTINA,BELI MANASTIR,31300,IZGRADNJA ZVONIKA CRKVE SV. JOSIPA RADNIKA U ŠUMARINI,"  100,000.00 kn ",2019
101.,,SRPSKA PRAVOSLAVNA CRKVENA OPĆINA,ČEPIN,31431,OBNOVA PORUŠENE CRKVE SVETOG ARHANGELA MIHAILA U ČEPINU,"  100,000.00 kn ",2019
102.,,ŽUPA SVETOG MIHAELA ARKANĐELA,DONJI MIHOLJAC,31540,UREĐENJE KLUPA U CRKVI SV. MIHAELA ARKANĐELA,"  80,000.00 kn ",2019
103.,,ŽUPA SV. ROKA,VELIŠKOVCI,31551,OBNOVA ŽUPNOG DVORA ZA POTREBE PASTORALNOG CENTRA,"  70,000.00 kn ",2019
104.,,ŽUPA SV. MATEJA APOSTOLA I EVANĐELISTA,ZAGREB,10000,SANACIJA OŠTEĆENJA UNUTRAŠNJOSTI CRKVE I FASADE,"  50,000.00 kn ",2019
105.,,ŽUPA KRALTICE SVETE KRUNICE,KUŠEVAC,31400,"SANACIJA I OBNOVA ŽUPNE CRKVE U KUŠEVCU, FILIJALNE CRKVE U IVANOVCIMA ĐAKOVAČKIM I ŽUPNE KUĆE U KUŠEVCU","  50,000.00 kn ",2019
106. ,,ŽUPA SV. PETRA I PAVLA,,,NOVO RUHO ŽUPNOG DVORA - FAZA II,"  150,000.00 kn ",2019
107.,,STOLNI KAPTOL SV. PETRA U POŽEGI,POŽEGA,34000,"SANACUA OBORINSKE KAPILARNE I PODZEMNE VLAGE U KRIPTI
KATEDRALE SV TERFZIJE AVILSKE U POŽEGI","  150,000.00 kn ",2019
108.,,ŽUPA UZNESENJA BLAŽENE DJEVICE MARIJE U PAKRACU,PAKRAC,34550,REKONSTRUKCIJA I OBNOVA INTERIJERA KAPELE SV. IVANA NEPOMUKA,"  150,000.00 kn ",2019
109.,,ŽUPA SV. FRANJE ASIŠKOG,,,NASTAVAK IZGRADNJE CRKVE SV. JURJA U ČAGLIĆU - III FAZA,"  150,000.00 kn ",2019
110.,,ŽUPA SV. NIKOLE BISKUPA,,,KAMENI OBLOG SVETIŠTA I STEPENIŠTA CRKVE,"  100,000.00 kn ",2019
111.,,ŽUPA SV. AUGUSTINA BISKUPA,VELIKA,34000,GRIJANJE CRKVE I SAKRISTIJE (SVETIŠTA) - II FAZA,"  100,000.00 kn ",2019
112.,,ŽUPA ROĐENJA BLAŽENE DJEVICE MARIJE,KUTJEVO,34340,OBNOVA ŽUPNE CRKVE ROĐENJA BLAŽENE DJEVICE MARIJE U KUTJEVU,"  100,000.00 kn ",2019
113.,,CRKVENA OPĆINA,PAKRAC,34550,SANACIJA I VANJSKO UREĐENJE HRAMA ROĐENJA PRESVETE BOGORODICE,"  100,000.00 kn ",2019
114.,,ŽUPA SVETOG IVANA KRSTITELJA,,,"ADAPTACIJA DIJELA ŽUPNE KUĆE
,","  70,000.00 kn ",2019
115.,,ŽUPA PREOBRAŽENJA GOSPODNJEG,BUČJE,,ADAPTACIJA ŽUPNE KUĆE,"  70,000.00 kn ",2019
116.,,ŽUPA SVETOG NIKOLE BISKUPA,KRALJEVICA,51262,SANACIJA KROVA SV. NIKOLE U KRALJEVICI,"  150,000.00 kn ",2019
117.,,RIJEČKA NADBISKUPIJA,RIJEKA,51000,DOM ZA DEMENTNE OSOBE,"  120,000.00 kn ",2019
118.,,KATEDRALA SV. VIDA,RIJEKA,51000,NASTAVAK RADOVA NA OBNOVI CRKVENOG NAMJEŠTAJA,"  120,000.00 kn ",2019
119.,,ŽUPA SV. KATARINE,,,NABAVA ORGULJA I REMONT ZVONA ZA POBOLJŠANJE UVJETA DJELOVANJA VJERSKE ZAJEDNICE,"  80,000.00 kn ",2019
120.,,ŽUPA SV. LUKE EVANĐELISTE,NOVSKA,44330,REKONSTRUKCIJA CRKVE SV. LUKE EVANĐELISTA,"  150,000.00 kn ",2019
121.,,ŽUPA RANJENOG ISUSA,MALA SOLINA,44400,SANACIJA I REKONSTRUKCIJA CRKVE UMALOJ SOLINI,"  200,000.00 kn ",2019
122.,,ŽUPA SV. MARIJE MAGDALENE,SUNJA,44210,SANACIJA PODOVE CRKVE,"  100,000.00 kn ",2019
123.,,ZUPA BLAŽENE DJEVICE MARIJE SNJEŽNE,KUTINA,44320,SANACIJSKI I HIDROIZOLACIJSKI RADOVI NA ULAZU I DVORANI ŽUPNE CRKVE BLAŽENE DJEVICE MARIJE SNJEŽNE U KUITNI,"  200,000.00 kn ",2019
124.,,FRANJEVAČKI SAMOSTAN SV. ANTUNA,HRVATSKA KOSTAJNICA,44430,SANACIJA ADAPTACIJA I DOGRADNJA KAPELE SV. ANTUNA,"  100,000.00 kn ",2019
125.,,SREDNJA ŠKOLA,GLINA,44400,UčIONICA NA OTVORENOM I EDUKATIVNA SOFIJINA ŠETNICA,"  100,000.00 kn ",2019
126.,,OSNOVNA ŠKOLA,GLINA,44400,OBNOVA UČIONICE INFORMATIKE I UČIONICE TEHNIČKE KULTURE U OSNOVNOJ ŠKOLI GLINA,"  100,000.00 kn ",2019
127.,,ŽUPA SV. JOSIPA,LIPOVLJANI,44330,REKONSTRUKCIJA BOČNE STRANE OGRADE CRKVE I OGRADE STUBIŠTA,"  50,000.00 kn ",2019
128.,,SRPSKA PRAVOSLAVNA CRKVENA OPĆINA,SISAK,44000,UREĐENJE PROSTORA ZA ODRŽAVANJE PRAVOSLAVNIH VJERSKIH OBREDA U GRADU SISKU,"  50,000.00 kn ",2019
129.,,ŽUPA SVETOG ANTUNA,SLATINA POKUPSKA,44400,SANACUA KAPELE PRESVETOG TROJSTVA U SLATINI POKUPSKOJ,"  50,000.00 kn ",2019
130.,,FRANJEVAČKA PROVINCIJA PRESVETOGOTKUPITELJA - SAMOSTAN,SINJ,21230,SANACIJA I REKONSTRUKCIJA ZGRADE PRVE FRANJEVAČKE KLASIČNE GIMNAZIJE U SINJU,"  200,000.00 kn ",2019
131.,,FRANJEVAČKA PROVINCIJA PRESVETOG OTKUPITELJA,BRNAZE,21230,IZGRADNJA CRKVE I DVORANE SV. NIKOLE TAVELIĆA U BRNAZAMA,"  150,000.00 kn ",2019
132.,,ŽUPA SV. IVANA KRSTITELJA,RIČICE,,IZRADA DRVENIH KLUPA U ŽUPNOJ CRKVI TE IZRADA NOVIH PROZORA ZBOG DOTRAJALOSTI S IZRADOM VITRAJA,"  120,000.00 kn ",2019
133. ,,ŽUPA SV. MIHOVILA,PROLOŽAC,21260,NABAVA I IZGRADNJA KLUPA ZA CRKVU SV. MIHOVILA U PROLOŠCU DONJEM I CRKVI KRALJICE MIRA U PROLOŠCU DONJEM U ŠUMETU,"  100,000.00 kn ",2019
134.,,ŽUPA MALE GOSPE,DONJI MUĆ,21203,SANACLIA CRKVE MALE GOSPE,"  100,000.00 kn ",2019
135.,,ŽUPA GOSPE RUŽARICE,VRLIKA,21236,UREĐENJE OKOLIŠA CRKVE SV. JOSIPA U JEŽEVIĆU - II. FAZA,"  100,000.00 kn ",2019
136.,,ŽUPA SV. JERONIMA,,,REKONSTRUKCIJA I DOGRADNJA ŽUPNE KUĆE - PROSTOR VJERE I UČENJA,"  150,000.00 kn ",2019
137.,,ŽUPA GOSPE U SITI,,,UREĐENJE TRGA CRKVE GOSPE U SITI - 2. FAZA,"  100,000.00 kn ",2019
138.,,ŽUPA SV. JURE,RADOŠIĆ,21204,SANACIJA CRKVE SV. JURE U RADOŠIČU,"  100,000.00 kn ",2019
139.,,ŽUPA SV. ILIJE PROROKA,STUDENCI,,UREĐENJE ŽUPNIH PROSTORIJA,"  100,000.00 kn ",2019
140.,,ŽUPNA SVIH SVETIH,,,OBNOVA ŽUPNE CRKVE SVIH SVETIH,"  80,000.00 kn ",2019
141.,,ŽUPA NAVJEŠTENJA BDM,VRGORAC,21276,OBNOVA ŽUPNE KUĆE,"  70,000.00 kn ",2019
142.,,FRANJEVAČKA PROVINCIJA PRESVETOGOTKUPITELJA - SAMOSTAN,IMOTSKI,21260,OBNOVA FRANJEVAĆKOG SAMOSTANA U IMOTSKOM,"  60,000.00 kn ",2019
143.,,ŽUPA SV. ROKA,,,OBNOVA ŽUPNE CRKVE SV. ROKA,"  60,000.00 kn ",2019
144.,,ŽUPA MALA GOSPA,BITELIČ,21233,"UREĐENJE OKOLIŠA OKO CRKVE ""MALA"" U BITELIĆU","  60,000.00 kn ",2019
145.,,ŽUPA SV. MARIJE MAGDALENE,SVIRČE,21460,UNUTRAŠNJE UREĐENJE I ZAMJENA PROZORA I VRATA PREMA PROJEKTU GRADEVINSKE SANACIJE CRKVE SV. JOSIPA U SVIRČU,"  50,000.00 kn ",2019
146.,,SAMOSTAN O. FRA ANTE ANTIĆ,SPLIT,21000,SANACUA RAVNOG KROVA SAMOSTANSKE CRKVE,"  100,000.00 kn ",2019
147.,,ŽUPA SV. M1HOVILA ARKANĐELA,OMIŠ,21310,PROJEKT STABILIZACUE TEMELJA CRKVE SV. MIHOVILA U OMIŠU,"  100,000.00 kn ",2019
148.,,ŽUPA KRISTA KRALJA,LOKVIČIĆI,21260,OBNOVA CRKVE SV. ANTE U LOKVIČIĆIMA,"  100,000.00 kn ",2019
149.,,DJEČJI VRTIĆ,IMOTSKI,21260,OBNOVA VANJSKE OVOJNICE ZGRADE DJEČJEG VRTIĆA U IMOTSKOM,"  200,000.00 kn ",2019
150.,,FRANJEVAČKA PROVINCIJA PRESVETOGOTKUPITELJA - SAMOSTAN,KNIN,22300,ADAPTACIJA DVORANE-SAMOSTAN SV. ANTE (KNIN),"  100,000.00 kn ",2019
151.,,ŽUPA SV. MIHOVILA,MURTER,22243,OBNOVA ZVONIKA ŽUPNE CRKVE SV. MIHOVILA U MURTERU,"  100,000.00 kn ",2019
152.,,ŽUPA SV. ANTE PADOVANSKOG,KNIN,22300,KLIMATIZACIJA CRKVE GOSPE VELIKOGA HRVATSKOG KRSNOG ZAVJETA,"  100,000.00 kn ",2019
153.,,FRANJEVAČKI SAMOSTAN SV. ANTE PADOVANSKOG,SISAK,44000,REKONSTRUKCIJA DIJELA SAMOSTANA,"  100,000.00 kn ",2019
154.,,ŽUPA SV. JURE,UNEŠIĆ,22323,REKONSTRUKCIJA I DOGRADNJA ŽUPNOG DVORA SV. JURE UNEŠIĆ,"  100,000.00 kn ",2019
155.,,ŽUPA SV. JURJA,ZATON,,ZAMJENA KROVIŠTA NA STAROJ CRKVI,"  100,000.00 kn ",2019
156.,,ŽUPA SV. JERONIMA - METERIZE,ŠIBENIK,22000,OBNOVA I ULAGANJE U CRKVU I POMOĆNE POSTORIJE CRKVE,"  100,000.00 kn ",2019
157.,,SRPSKI PRAVOSLAVNI MANASTIR SV. ARHANĐELA MIHAJLA U KRKI - SPC -EPARHIJA DALMATINSKA,KISTANJE,22300,SANACIJA ZAPADNOG ZIDA MANASTIRA KRKE I HIDROIZOLACIJA TEMELJA,"  50,000.00 kn ",2019
158.,,ŽUPA ROĐENJA B.D.MARUE,SKRADIN,22222,REKONSTRUKCIJA ZVONIKA CRKVE BLAŽENE DJEVICE MARUE,"  100,000.00 kn ",2019
159.,,ŽUPA GOSPE VAN GRADA,ŠIBENIK,22000,OBNOVA CRKVE I CRKVENIH ORGULJA,"  150,000.00 kn ",2019
160.,,ŽUPA UZVIŠENJA SV. KRIŽA,LOVREČAN,42208,SANANCIJA ZVONIKA NA KAPELI SV. LOVRE U VELIKOM LOVREČANU,"  150,000.00 kn ",2019
161. ,,OPĆA BOLNICA,VARAŽDIN,42000,ZAMJENA KLASIČNIH RASVJETNIH TIJELA S NOVOM LED RASVJETOM I OPREMANJE AUDIO-VIZUALNOM OPREMOM U VELIKOJ DVORANI DVORCA DRAŠKOVIĆ U KLENOVNIKU,"  100,000.00 kn ",2019
162.,,ŽUPA MAJKE BOŽJE SNJEŽNE,LJUBEŠČICA,42220,ADAPTACIJA KROVIŠTA NA ŽUPNOJ CRKVI MAJKE BOŽJE SNJEŽNE U LJUBEŠĆICI,"  100,000.00 kn ",2019
163.,,ŽUPA SV. FABIJANA I SEBASTUANA MUČENIKA,OŠTRICE,42220,CRKVA U OŠTRICAMA - OBNOVA POKROVA I DRENAŽE,"  80,000.00 kn ",2019
164.,,ŽUPA SV. MARKA EV.,VINICA,42243,SANACIJA KAPELE TRPEĆEG ISUSA U VINICI,"  70,000.00 kn ",2019
165.,,ZUPA SV. JURJA MUČENIKA,MARUŠEVEC,42243,GRAĐEVINSKI RADOVI NA DRENAŽI I ZAŠTITI TEMELJA KAPELE SVETOG ROKA U DRUŠKOVCU,"  50,000.00 kn ",2019
166.,,ŽUPA SV. FABIJANA I SEBASTIJANA,,,UREĐENJE KORA U CRKVI DOBROG PASTIRA,"  50,000.00 kn ",2019
167.,,ŽUPA SV. PETRA I PAVLA APP.,MAJERJE,42208,OBNOVA KAPELE SRCA ISUSOVA U MAJERJU,"  50,000.00 kn ",2019
168.,,ŽUPA SVETE MARGARETE DJEVICE MUČNICE,TUŽNO,42240,MODERNIZACIJA CRKVE SV. ANTUNA U TUŽNOM,"  50,000.00 kn ",2019
169.,,ŽUPA GOSPE BDM,VOĆIN,33520,PREUREĐENJE POSTOJEČE GRAĐEVINE U PASTORALNU DVORANU I SANITARIJE U CINTORIJU ŽUPNE CRKVE POHODA BDM U VOĆINU,"  200,000.00 kn ",2019
170.,,POŽEŠKA BISKUPIJA,VIROVITICA,33000,UREĐENJE ZGRADE KATOLIČKE OSNOVNE ŠKOLE U VIROVITICI I KATOLIČKE KLASIČNE GIMNAZIJE U VIROVITICI,"  200,000.00 kn ",2019
171.,,OSNOVNA ŠKOLA JOSIPA KOZARCA,NOVI SENKOVAC,33520,RADOVI NA SANACIJI PODRUČNE ŠKOLE NOVI SENKOVAC PRI OSNOVNOJ ŠKOLI JOSIPA KOZARCA,"  200,000.00 kn ",2019
172.,,ŽUPA SV. ROKA,VIROVITICA,33000,KONZERVACIJA I REKONSTRUKCIJA BAROKNOG SVETOHRANIŠTA OLTARA SV. ROKA - 2. I 3. ZAVRŠNA FAZA RADOVA,"  150,000.00 kn ",2019
173.,,ŽUPA SV. JOSIPA,SLATINA,33520,"SANACIJA I REKONSTRUKCIJA CRKVE SV. JOSIPA SLATINA, 2. FAZA","  100,000.00 kn ",2019
174.,,ŽUPA PRESVETOG TROJSTVA,TURNAŠICA,33405,UREĐENJE PASTORALNE DVORANE U TURNAŠICI,"  100,000.00 kn ",2019
175.,,ŽUPA SVETE TEREZIJE AVILSKE,SUHOPOLJE,33410,REKONSTRUKCIJA POSTAJA KRIŽNOG PUTA S UREĐENJEM OGRADE I NOGOSTOPA,"  70,000.00 kn ",2019
176.,,ŽUPA SV. LUKA EVANĐELISTE,LUKAČ,33000,ADAPTACIJA KAPELE GOSPA SNJEŽNA U TURANOVCU - 2. FAZA,"  50,000.00 kn ",2019
177.,,ŽUPA SVETOG PETRA APOSTOLA,ČAĐAVICA,33520,UREĐENJE POSTOJEĆE FILIJALNE CRKVE ZA POTREBE VJERNIKA,"  50,000.00 kn ",2019
178.,,ŽUPA SVETOG IVANA KRSTITELJA,,,UREĐENJE DVORANE ZA VJERONAUK,"  50,000.00 kn ",2019
179.,,ŽUPNA SV. ANE,SLAKOVCI,32242,"SANACIJA ŽUPNE KUĆE ""SV. ANA"" U SLAKOVCIMA U SVRHU STVARANJA UVJETA ZA RAD SA ŽRTVAMA DOMOVINSKOG RATA","  150,000.00 kn ",2019
180.,,ŽUPA SV. VINKA PALLOTTIJA,VINKOVCI,32100,UREĐENJE TRGA SV. VINKA PALLOTTUA,"  150,000.00 kn ",2019
181.,,ŽUPA PRESLAVNOG IMENA MARIJINA,,,UREĐENJE ZVONIKA CRKVE PRESVETOG IMENA MARIJINA,"  100,000.00 kn ",2019
182.,,ŽUPA MUČENIKA SV. IVANA KRSTITELJA,,,ZGRADA ŽUPNOG CARITASA,"  100,000.00 kn ",2019
183.,,ŽUPA ROĐENJA SVETOG IVANA KRSTITELJA,RAČINOVCI,32257,RESTAURACIJA ZIDNOG OSLIKA U ŽUPNOJ CRKVI U RAČINOVCIMA,"  100,000.00 kn ",2019
184.,,ŽUPA KRALJICE SV. KRUNICE,VOĐINCI,32284,ENERGETSKA OBNOVA ZGRADE VJERONAUČNE DVORANE I ZAMJENA KROVA U VOĐINCIMA I ZAMJENA RASVJETE NA OBJEKTU CRKVE ŽUPE KRALJICE SVETE KRUNICE U NOVIM MIKANOVCIMA,"  100,000.00 kn ",2019
185. ,,ŽUPA SVETOG JOSIPA RADNIKA,,,UREDENJE CRKVE GOSPE FATIMSKE I ŽUPNE KUĆE,"  100,000.00 kn ",2019
186.,,FRANJEVAČKI SAMOSTAN,VUKOVAR,32000,"UREĐENJE PROSTORA FRANJEVAČKOG SAMOSTANA VUKOVAR U SVRHU TURISTIČKE PONUDE GRADA
VUKOVARA","  100,000.00 kn ",2019
187.,,ŽUPA SV. MARTINA BISKUPA,BOŠNJACI,32270,SANACIJA ŽUPNOG CENTRA - POSTAVLJANJE OPLOČNJAKA OKO ŽUPNE CRKVE SV. MARTINA BISKUPA U BOŠNJACIMA,"  100,000.00 kn ",2019
188.,,SRPSKA PRAVOSLAVNA CRKVA U HRVATSKOJ - CRKVENA OPĆINA,ILOK,32236,GENERALNO UREDENJE I OBNOVA CRKVENOG DOMA PRAVOSLAVNE CRKVE U ILOKU,"  100,000.00 kn ",2019
189.,,ŽUPA SV. ANDRIJE,ANDRIJAŠEVCI,32100,ADAPTACIJA ŽUPNE CRKVE SV. ANDRUE U ANDRUAŠEVCI,"  70,000.00 kn ",2019
190.,,ŽUPA SV. ANTUNA PADOVANSKOG,OTOK,32252,UGRADNJA KOSO PODIZNE STUBIŠNE PLATFORME ZA OSOBE S INVALIDITETOM U CRKVU SV. ANTUNA PODOVANSKOG U OTOKU,"  70,000.00 kn ",2019
191.,,FRANJEVAČKI SAMOSTAN,ILOK,32236,SANACIJA OGRADNOG ZIDA FRANJEVAČKOG SAMOSTANA U ILOKU,"  70,000.00 kn ",2019
192.,,ŽUPA SV. MIHAELA ARKANDELA,LOVAS,32236,"SANACUA CRKVE SV. MIHAELA ARKANĐELA, LOVAS","  50,000.00 kn ",2019
193.,,ŽUPA PRESLAVNOG IMENA MARIJINA,,,OBNOVA ŽUPNE DVORANE I ŽUPNOG UREDA,"  50,000.00 kn ",2019
194.,,EVANGELIČKA A.V. SLOVAČKA CRKVENA OPĆINA,ILOK,32236,OBNOVA I REKONSTRUKCIJA EVANGELIČKE CRKVE U ILOKU,"  80,000.00 kn ",2019
195.,,ŽUPA DUHA SVETOGA,NUŠTAR,32100,UGRADNJA PLINSKIH INSTALACUA I INSTALACIJA GRIJANJA U OBJEKT ŽUPNOG UREDA,"  50,000.00 kn ",2019
196.,,ŽUPA SV. IVANA KRSTITELJA,ŠPIŠIĆ BUKOVICA,33000,UREĐENJE DVORANE ZA VJERONAUK,"  50,000.00 kn ",2019
197.,,ŽUPA UZNESENJA BLAŽENE DJEVICE MARIJE,PAG,23250,SANACIJA ZVONIKA CRKVE UZNESENJA BLAŽENE DJEVICE MARIJE NA PAGU,"  150,000.00 kn ",2019
198.,,ZADARSKA NADBISKUPIJA,ZADAR,23000,"CRKVA, ŽUPNI URED I PASTORALNI CENTAR","  200,000.00 kn ",2019
199.,,ŽUPA SV. MIHOVILA,LIŠANE,23420,OBNOVA CRKVE SV. JERONIMA U LIŠANIMA OSTROVIČKIM,"  150,000.00 kn ",2019
200.,,ŽUPA SV. LUKE EVANĐELISTA,KOLAN,23250,REKONSTRUKCIJA ZVONIKA CRKVE SV. LUKE EVANĐELISTA KOLAN,"  150,000.00 kn ",2019
201.,,SAMOSTAN KRVI KRISTOVE,ZADAR,23000,ADAPTACIJA I UREĐENJE SAMOSTANA KRVI KRISTO'VE U ZADRU,"  100,000.00 kn ",2019
202.,,ŽUPA SV.MIHOVILA,VRANA,23210,OBNOVA CRKVE SVETE NEDJILJICE,"  100,000.00 kn ",2019
203.,,ŽUPA SV. JERON1MA,JASENICE,23450,SANACIJA CRKVE SV. FRANE PODPRAG JASENICE,"  70,000.00 kn ",2019
204.,,SAMOSTAN SV. MARGARITE,PAG,23250,SANACIJA KROVIŠTA SA MOLITVENIM PROSTOROM SAMOSTANA SV. MARGARITE,"  50,000.00 kn ",2019
205.,,CARITAS BJELOVARSKO- KRIŽEVAČKE BISKUPIJE,VRBOVAC,43500,"SANIRANJE CARITASOVOG KOMPLEKSA - DOMA ZA STARIJE I NEMOĆNE OSOBE ""SVE'TI KAMILO DE LELLIS"" U VRBOVCU","  150,000.00 kn ",2019
206.,,ŽUPA SV. PETRA APOSTOLA,,,UREĐENJE CRKVENOG PROSTORA CRKVE SV. IVANA KRSTITELJA,"  150,000.00 kn ",2019
207.,,ŽUPA UZNESENJA BLAŽENE DJEVICE MARIJE,POKUPSKO,10414,OBNOVA OKO CINKTORA CRKVE UZNESENJA BLAŽENE DJEVICE MARIJE U POKUPSKOM,"  100,000.00 kn ",2019
208.,,DRUŽBA MISIONARA KRVI ISUSOVE,ZAGREB,10000,UREĐENJE KAPELE I MISIJSKE KUĆE U PROZORJU,"  100,000.00 kn ",2019
209.,,ŽUPA SV. JURAJA I JAKOVA,OBOROVO,10370,OBNOVA 1 OPREMANJE ŽUPNE CRKVE U NASELJU OBOROVO,"  100,000.00 kn ",2019
210.,,ŽUPA SV. BARBARE,RUDE,10430,SANACIJA KAPE ZVON1KA ŽUPNE CRKVE SV. BARBARE,"  100,000.00 kn ",2019
211.,,DOM ZDRAVLJA ZAGREBAČKE ŽUPANIJE,VELIKA GORICA,10410,REKONSTRUKCIJA LABORATORIJA DOMA ZDRAVLJA - ISPOSTAVA VELIKA GORICA,"  100,000.00 kn ",2019
212.,,ŽUPA SV. MARTINA BISKUPA,,,IZGRADNJA I UREĐENJE KRIŽNOG PUTA,"  70,000.00 kn ",2019
213. ,,ŽUPA BLAŽENE DJEVICE MARIJE SNJEŽNE ŽUPA UZVIŠENJA SV. KRIŽ,ZAGREB,10000,"OBNOVA KROVA NA ŽUPNOJ CRKVI
  BDSM","  70,000.00 kn ",2019
214.,,ŽUPA UZVIŠENJA SV. KRIŽ,,,UREDENJE INTERIJERA CRKVE - GRADEVINSKI DIO,"  70,000.00 kn ",2019
215.,,SAMOSTAN SV. IVANA KRSTITELJA SESTRE SLUŽAVKE MALOG ISUSA,ZAGREB,10000,SANACIJA KROVA SAMOSTANA I KAPELICE SV. I. KRSITIELJA,"  70,000.00 kn ",2019
216.,,ŽUPA PRESVETOG TROJSTVA,KRAŠIĆ,10454,SANACIJA I UREDENJE SAKRISTIJE ŽUPNE CRKVE PRESVETOG TROJSTVA IZ KRAŠIĆA,"  50,000.00 kn ",2019
217.,,ŽUPA UZVIŠENJA SVETOG KRIŽA,KRIŽ,10315,OBNOVA PROČELJA ŽUPNE CRKVE UZVIŠENJA SVETOG KRIŽA U KRIŽU,"  50,000.00 kn ",2019
1.,PUZ002,ŽUPA POHODA BDM SVETIŠTE GOSPE VOĆINSKE,VOĆIN,33520,PREUREĐENJE POSTOJEĆE GRAĐEVINE U PASTORALNU DVORANU I SANITARIJE ZA HODOČASNIKE U CINTORIJU ŽUPNE CRKVE POHODA BDM U VOĆINU,"  200,000.00 kn ",2020
2.,PUZ003,ŽUPA SV. JOSIPA,STUBIČKE TOPLICE,49240,IZGRADNJA PARKIRALIŠTA I PRILAZA ŽUPI SVETOG JOSIPA,"  150,000.00 kn ",2020
3.,PUZ004,ŽUPA BEZGREŠNOG ZAČEĆA BDM,MAČE,49250,UNUTARNJE UREĐENJE CRKVE SV. IVAN~ PAVLA II U POZNANOVCU - FAZA II,"  180,000.00 kn ",2020
4.,PUZ007,ŽUPA SV. ANE,LOBOR,49250,UREĐENJE FASADE NA PASTORALNOM CENTRU ŽUPE SV. ANE LOBOR,"  70,000.00 kn ",2020
5.,PUZ012,HRVATSKO NACIONALNO SVETIŠTE MAJKE BOŽJE BISTRIČKE,MARIJA BISTRICA,49246,SANACIJA KROVIŠTA I POKROVA ZVONIK~ NA BAZALICI MAJKE BOŽJE BISTRIČKE,"  300,000.00 kn ",2020
6.,PUZ017,ŽUPA MAJKE BOŽJE SNJEŽNE,LJUBEŠĆICA,42220,ADAPTACIJA FASADE NA ŽUPNOJ CRKVI MAJKE BOŽJE SNJEŽNE U LJUBEŠĆICI,"  140,000.00 kn ",2020
7.,PUZ022,SRPSKA PRAVOSLAVNA CRKVA U HRVATSKOJ- EPARHIJA SLAVONSKA - CRKVENA OPĆINA,PAKRAC,34550,UREĐENJE FASADE HRAMA ROĐENJ~ PRESVETE BOGORODICE U PAKRACU,"  50,000.00 kn ",2020
8.,PUZ023,ŽUPA SV. NIKOLE BISKUPA,PLETERNICA,34310,KAMENI OBLOG SVETIŠTA I STEPENIŠTA CRKVE - FAZA II,"  250,000.00 kn ",2020
9.,PUZ026,ŽUPA SVETOG LADISLAVA KRALJA LADISLAV HERCEGOVAC,HERCEGOVAC,43280,UREĐENJE PLAFONA U ŽUPNOJ CRKVI SV. LADISLAVA KRALJA,"  50,000.00 kn ",2020
10.,PUZ028,ŽUPA SRCA ISUSOVA I MARIJINA VIDONJE,ZAŽABLJE,20353,UREĐENJE UNUTRAŠNJOSTI CRKVE SRCA ISUSOVA I MARIJINA - 2. FAZA,"  200,000.00 kn ",2020
11.,PUZ029,ŽUPA SV. MARIJE MAGDALENE,KAPELA,43000,SANACIJA KROVIŠTA I IZOLACIJA STROPA CRKVE SV. MARIJE MAGDALENE,"  100,000.00 kn ",2020
12.,PUZ033,ŽUPA MARIJINA UZNESENJA - POKROVNIK,DRNIŠ,22320,SANACIJA KROVA CRKVE SV. MIHOVILA U POKROVNIKU,"  150,000.00 kn ",2020
13.,PUZ037,ŽUPA SVETOG JOSIPA RADNIKA - VUKOVAR,BOROVO NASELJE,32000,UREĐENJE ŽUPNOG DVORA I ŽUPNE KUĆE U KOJOJ SU SMJEŠTENE ČASNE SESTRE,"  150,000.00 kn ",2020
14.,PUZ040,GRADSKO KAZALIŠTE MARINA DRŽIĆA,DUBROVNIK,20000,MODERNIZACIJA RASVJETNOG PARKA KAZ~LIŠTA MARINA DRŽIĆA,"  150,000.00 kn ",2020
15.,PUZ044,ŽUPA SV. JOSIPA,SLATINA,33520,"SANACIJA I REKONSTRUKCIJA CRKVE SV. JOSIPA, FAZA 3.","  100,000.00 kn ",2020
16.,PUZ046,ŽUPA SV. MARTINA BISKUPA,BOŠNJACI,32270,SANACIJA ŽUPNOG CENTRA,"  150,000.00 kn ",2020
17.,PUZ047,SPLITSKO-MAKARSKA NADBISKUPIJA-ŽUPA SVETOG ILIJE PROROKA,KOZICA,21276,REKONSTRUKCIJA CRKVE SVETOG ILIJE U KOZICI,"  100,000.00 kn ",2020
18.,PUZ051,ŽUPNI URED SVIH SVETIH,ZMIJAVCI,21260,OBNOVA ŽUPNE CRKVE SVIH SVETIH,"  100,000.00 kn ",2020
19.,PUZ053,ŽUPA SV. JURJA MUČENIKA I SRCA MARIJINA,KANIŠKA IVA,43280,SANACIJA KAPILARNE VLAGE ŽUPNE CRKVE SV. JURJA MUČENIKA I SRCA MARIJINA U KANIŠKOJ IVI,"  150,000.00 kn ",2020
20.,PUZ058,BJELOVARSKO-KRIŽEVAČKA BISKUPIJA,BJELOVAR,43000,OBNOVA FASADE PASTORALNE ZGRADE BJELOVARSKO-KRIŽEVAČKE BISKUPIJE,"  100,000.00 kn ",2020
21.,PUZ060,ŽUPA MUČENIŠTVA SVETOG IVANA KRSTITELJA,ZAPOLJE,35420,"REKONSTRUKCIJA KROVA,TORNJA I FASADE NA CRKVI SVETOG NIKOLE U GUNJAVCIMA","  150,000.00 kn ",2020
22.,PUZ067,MAKEDONSKA PRAVOSLAVNA CRKVENA OPĆINA SV. ZLATA MEGLENSKA,ZAGREB,10000,"IZGRADNJA PASTORALNOG CENTRA I PRVE MAKEDOSKE PRAVOSLAVNE CRKVE U REPUBLICI HRVATSKOJ "" SV. ZLATA MEGLENSKA""","  250,000.00 kn ",2020
23.,PUZ075,POŽEŠKA BISKUPIJA ŽUPA PREOBRAŽENJA GOSPODNJEG,BUČJE,,SANACIJA FASADE ŽUPNE KUĆE,"  90,000.00 kn ",2020
24.,PUZ076,ŽUPA SVETOG BARTOLA APOSTOLA,DEŽANOVAC,43500,SANACIJA TORNJA ŽUPE SA ZVONIKOM - FAZA 1,"  100,000.00 kn ",2020
25.,PUZ078,SAMOSTAN SV. IVANA KRSTITELJA SESTRE SLUŽAVKE MALOG ISUSA,SAMOBOR,10430,SANACIJA KROVA KURIJE LEVIČAR I TRADICIONALNOG DRVENOG GOSPODARSKOG OBJEKTA,"  280,000.00 kn ",2020
26.,PUZ079,DRUŽBA SESTARA SLUŽAVKI MALOG ISUSA SAMOSTAN SLUŽAVKI MALOG ISUSA,,,ZAMJENA KROVIŠTA,"  100,000.00 kn ",2020
27.,PUZ080,POŽEŠKA BISKUPIJA -  ŽUPA SV. VIDA,OKUČANI,35430,REKONSTRUKCIJA STEPENIŠTA ŽUPNE CRKVE SV. VIDA U OKUČANIMA,"  200,000.00 kn ",2020
28.,PUZ081,FRANJEVAČKA PROVINCIJA PRESVETOG OTKUPITELJA,BRNAZE,21230,IZGRADNJA CRKVE I DVORANE SV. NIKOLE TAVELIĆA U BRNAZAMA,"  250,000.00 kn ",2020
29.,PUZ090,ŽUPA BL. A. STEPINCA,VIROVITICA,33000,IZGRADNJA ŽUPNE KUĆE I PASTORALNIH PROSTORA,"  150,000.00 kn ",2020
30.,PUZ091,DOM PAPE IVANA PAVLA II - POŽEŠKA BISKUPIJA,POŽEGA,34000,SANACIJA KROVIŠTA DOMA PAPE IVANA PAVLA II (SVEČENIĆKI DOM),"  200,000.00 kn ",2020
31.,PUZ093,ŽUPA SV. PETRA I PAVLA,SVETI PETAR U ŠUMI,52341,UREĐENJE I SANACIJA HRVATSKE ČITAONICE II. FAZA,"  180,000.00 kn ",2020
32.,PUZ095,ŽUPA SVETA TRI KRALJA,NOVA PLOŠĆICA,43280,POPRAVAK KROVIŠTA I LIMARIJE KAPELE U NOVOJ PLOŠĆICI,"  40,000.00 kn ",2020
33.,PUZ099,ŽUPA SV. LEOPOLDA MANDIĆA,VIROVITICA,33000,PREKRIVANJE KROVIŠTA CRKVE SV. LEOPOLDA MANDIĆA I CRKVE SV. ANE U VIROVITICI,"  200,000.00 kn ",2020
34.,PUZ100,ŽUPA SV. TEREZIJE OD DJETETA ISUSA. ZAGREB,,,ADAPTACIJA I OBNOVA PASTORALNOG CENTA (CRKVE),"  150,000.00 kn ",2020
35.,PUZ107,ŽUPA SVETOG FRANE,CRIVAC,21203,"POPRAVAK KROVA I FASADE ŽUPNE KUĆE, DVORANE I KAPELE","  100,000.00 kn ",2020
36.,PUZ108,ŽUPA SV. LUKE EVANĐELISTE,OTOK,21238,IZMJENA PROZORA I VRATA NA PASTORALNOM OBJEKU ŽUPE SV. LUKE EVANĐELISTE,"  80,000.00 kn ",2020
37.,PUZ110,ŽUPA SV. DOMINIK SAVIO,SLAVONSKI BROD,35000,DOVRŠETAK ZAPOČETIH RADOVA NA IZRADI VANJSKE (ULIČNE) OGRADE I UGRADNJE VANJSKOG DIZALA ZA 4 OSOBE,"  200,000.00 kn ",2020
38.,PUZ111,ŽUPA UZVIŠENJE SVETOG KRIŽA,OPRISAVCI,35212,"SANACIJA I OBNOVA ŽUPNE CRKVE UZVIŠENJA SVETOG KRIŽA U
OPRISAVCIMA","  100,000.00 kn ",2020
39.,PUZ113,ŽUPA SV. MARTINA BISKUPA,SVETI MARTIN NA MURI,40313,OBNOVA FASADE I LIMARIJE NA KAPELI SV. ANE U HLAPIČINI,"  150,000.00 kn ",2020
40.,PUZ115,ŽUPA SV. VENDELINA OPATA,JARMINA,32100,UNUTARNJE UREĐENJE CRKVE LIČILAČKIM RADOVIMA I UGRADNJA NOVE RASVJETE,"  100,000.00 kn ",2020
41.,PUZ116,ŽUPA SV. MARIJE OD MILOSTI,PRVIĆ LUKA,22233,SANIRANJE - OBNOVA SAMOSTANA,"  250,000.00 kn ",2020
42.,PUZ120,ŽUPA SV. BARBARE,RUDE,10430,SANACIJA KAPE ZVONIKA ŽUPNE CRKVE SV. BARBARE,"  200,000.00 kn ",2020
43.,PUZ122,DRUŽBA SESTARA SLUŽAVKI MALOG ISUSA  PROVINCIJA PRESVETOG SRCA ISUSOVA I MARIJINA,ZAGREB,10000,ADAPTACIJA SAMOSTANA,"  100,000.00 kn ",2020
44.,PUZ123,ŽUPA SV. MIHOVILA,MURTER,22243,SANACIJA OPREME ZVONIKA,"  80,000.00 kn ",2020
45.,PUZ124,ŽUPA GOSPE VAN GRADA,ŠIBENIK,22000,OBNOVA CENTARLNOG MEMORIJALNOG KRIŽA,"  300,000.00 kn ",2020
46.,PUZ126,PUČKO OTVORENO UČILIŠTE,NOVSKA,44330,UGRADNJA PVC STOLARIJE I UVOĐENJE EFIKASNIJEG SUSTAVA GRIJANJA,"  80,000.00 kn ",2020
47.,PUZ128,ŽUPA ROĐENJA BLAŽENE DJEVICE MARIJE,SKRADIN,22222,REKONSTRUKCIJA ŽUPNE KUĆE U SKRADINU I. FAZA,"  150,000.00 kn ",2020
48.,PUZ129,ŽUPA SV. NIKOLE TAVELIĆA,ZAGREB,10000,"CRKVA SV. NIKOLE TAVELIĆA, ZAGREB- KUSTOŠIJ~","  300,000.00 kn ",2020
49.,PUZ132,ŽUPA SV. ILIJE PROROKA,VELIKA KOPANICA,35214,RADOVI NA OBNOVI OGRADE OKO CRKVE I ŽUPNOG STANA,"  220,000.00 kn ",2020
50.,PUZ146,OPĆA BOLNICA,VIROVITICA,33000,SANACIJA I ZAMJENA POKROVA NA ZGRADI OPĆE BOLNICE VIROVITICA,"  200,000.00 kn ",2020
51.,PUZ149,ŽUPA SV.NIKOLE BISKUPA,BISTRA,,SANACIJA I OBNOVA ŽUPNE CRKVE U SKLOPU ZAŠTIĆENOG KOMPLEKSA,"  150,000.00 kn ",2020
52.,PUZ150,FRANJEVAČKI SAMOSTAN SV. ANTUNA,HRVATSKA KOSTAJNICA,44430,SANACIJA CRKVE SV. ANTUNA PADOVANSKOG U HRVATSKOJ KOSTAJNICI-IZRADA DRENAŽE,"  150,000.00 kn ",2020
53.,PUZ151,ŽUPA SVETOG PETRA APOSTOLA,PRIŠLIN,49231,OBNOVA CRKVE U PRIŠLINU (II. FAZA),"  200,000.00 kn ",2020
54.,PUZ152,ŽUPA SV. AGNEZE DJEVICE I MUČENICE,MEDULIN,52100,OBNOVA CRKVE SV. AGNEZE U MEDULINU TE AUTOMATIZACIJA I ELEKTRIFIKACIJA ZVONA,"  100,000.00 kn ",2020
55.,PUZ154,DJEČJI VRTIĆ PAŠKI MALIŠANI,PAG,23250,OBNOVA OGRADE NA ZGRADI DJEČJEG VRTIĆA PAŠKI MALIŠANI U PAGU,"  100,000.00 kn ",2020
56.,PUZ156,SRPSKA PRAVOSLAVNA CRKVA U HRVATSKOJ - EPARHIJA SLAVONSKA CRKVENA OPĆINA,SLAVONSKI BROD,35000,NASTAVAK IZGRADNJE CRKVE SVETOG GEORGIJA U SLAVONSKOM BRODU,"  50,000.00 kn ",2020
57.,PUZ174,PAVLINSKI SAMOSTAN MAJKE BOŽJE SNJEŽNE,KAMENSKO,47000,KONSTRUKTIVNA SANACIJA KLIZIŠTA UZ PAVLINSKI SAMOSTAN U KAMENSKOM,"  150,000.00 kn ",2020
58.,PUZ175,ŽUPA SV. FRANJE ASIŠKOG,,,IZGRADNJA CRKVE SV. JURJA U ČAGLIĆU,"  150,000.00 kn ",2020
59.,PUZ187,ŽUPA SV. JAKOVA,KLAKAR,35000,UREĐENJE CRKVE SV. ILIJE U DONJOJ BEBRINI,"  300,000.00 kn ",2020
60.,PUZ191,ŽUPA RANJENOG ISUSA,,,SANACIJA I REKONSTRUKCIJA CRKVE U MALOJ SOLINI,"  140,000.00 kn ",2020
61.,PUZ193,SRPSKA PRAVOSLAVNA CRKVA U HRVATSKOJ - EPARHIJA GORNJOKARLOVAČKA - CRKVENA OPĆINA,KARLOVAC,47000,SANACIJA KROVIŠTA PAROHIJSKOG DOMA,"  50,000.00 kn ",2020
62.,PUZ194,SRPSKA PRAVOSLAVNA CRKVA U HRVATSKOJ - EPARHIJA GORNJOKARLOVAČKA-MANASTIR BOGORODICE TROJERUČICE,DONJI BUDAČKI,47220,MANASTIRSKA BIBLIOTEKA,"  50,000.00 kn ",2020
63.,PUZ196,GIMNAZIJA,PULA,52100,REKONSTRUKCIJA OBRAZOVNE INFRASTRUKTURE GIMNAZIJE PULA,"  250,000.00 kn ",2020
64.,PUZ199,ŽUPA SVIH SVETIH GALA,GLJEV,21238,SANACIJA OKOLIŠNOG PROSTORA OKO KAPELICE SV. ANTE,"  140,000.00 kn ",2020
65.,PUZ200,ŽUPA SVETOG BLAŽA - ZAGREB,,,UREĐENJE SAKRISTIJE CRKVE SVETOG BL~ŽA U ZAGREBU,"  230,000.00 kn ",2020
66.,PUZ201,ŽUPA SVETOG ANTUNA PADOVANSKOG,VOJNIĆ,47220,ZAMJENA DRVENE STOL~RIJE NA ŽUPNOJ CRKVI SVETOG ANTUNA PADOVANSKOG U VOJNIĆU,"  150,000.00 kn ",2020
67.,PUZ204,RIJEČKA NADBISKUPIJA ŽUPA SV. TEREZIJE AVILSKE,RAVNA GORA,51300,REKONSTRUKCIJA NOSIVOG SISTEMA U TORNJU CRKVE SV.TEREZIJE AVILSKE U RAVNOJ GORI,"  150,000.00 kn ",2020
68.,PUZ206,SAMOSTAN KRALJICE KARMELA,BREZOVICA,10257,OBNOVA FASADE,"  100,000.00 kn ",2020
69.,PUZ207,ŽUPA SV. MARIJE MAGDALENE,SOŠICE,10454,"OBNOVA CRKVE UZNESENJA BDM U SOŠICAMA, KROVIŠTE I FASADA","  200,000.00 kn ",2020
70.,PUZ215,ŽUPA SV. EUZEBIJA I POLIONA MUČENIKA,VINKOVCI,32100,KONZERVATORSKO-RESTAURATORSKA OBNOVA GLAVNOG OLTARA CRKVE SV. EUZEBIJA I POLIONA VINKOVCI,"  150,000.00 kn ",2020
71.,PUZ218,FRANJEVAČKA PROVINCIJA PRESVETOGOTKUPITELJA - SAMOSTAN,ZAGREB,10000,IZGRADNJA SPOJNOG MOSTA CRKVE I SAMOSTANA MAJKE BOŽJE LURDSKE,"  300,000.00 kn ",2020
72.,PUZ223,ŽUPA UZNESENJA BLAŽENE DJEVICE MARIJE,PAG,23250,OBNOVA ZBORNE CRKVE U GRADU PAGU,"  80,000.00 kn ",2020
73.,PUZ230,FRANJEVAČKA PROVINCIJA PRESVETOGOTKUPITELJA - SAMOSTAN,IMOTSKI,21260,"REKONSTRUKCIJA SAMOSTANA SV. FRANJE, IMOTSKI - DOGRADNJA PREDAVAONICE, KNJIŽNICE I GARAŽE) / FAZA I","  250,000.00 kn ",2020
74.,PUZ231,FRANJEVAČKA PROVINSIJA PRESVETOG OTKUPITELJA - ŽUPA SV. ROKA,VINJANI,21260,VRT SV. ANTE UZ CRKVU SV. ANTE,"  200,000.00 kn ",2020
75.,PUZ233,ŽUPA GOSPE OD RUŽARIJA,BUDIMIR,21240,REKONSTRUKCIJA I SANACIJA CRKVE GOSPE OD RUŽARIJA,"  150,000.00 kn ",2020
76.,PUZ241,ŽUPA ROĐENJA SVETOG IVANA KRSTITELJA,ČAJKOVCI,35214,"SANACIJA I UREĐENJE PODNIH PLOHA U CRKVI SVETOG MATIJE APOSTOLA I SANACIJA STROPA U SAKRISTIJI CRKVE SVETOG MATIJE APOSTOLA U
ČAJKOVCIMA","  200,000.00 kn ",2020
77.,PUZ243,ŽUPA SVETE MARIJE MAGDALENE,ŠTIVICA,35420,POPRAVAK - SANACIJA KROVIŠTA CRKVE SV. MARIJE MAGDALENE U ŠTIVICI,"  100,000.00 kn ",2020
78.,PUZ244,ŽUPA UZNESENJA BLAŽENE DJEVICE MARIJE,KONČANICA,43500,SANACIJA PROČELJA KAPELE SV. PETRA I PAVLA U DARUVARSKOM BRESTOVCU,"  120,000.00 kn ",2020
79.,PUZ246,ŽUPA PRESVETOG TROJSTVA,TURNAŠICA,33405,UREĐENJE PASTORALNE DVORANE U TURNAŠICI,"  200,000.00 kn ",2020
80.,PUZ250,GOSPIĆKO-SENJSKA BISKUPIJA,ŽABICA,53000,"IZGRADNJA GRAĐEVINE STAMBENO VJERSKE NAMJENE, 2. SKUPINE, SAMOSTAN Č.S. KARMELIĆANKI","  300,000.00 kn ",2020
81.,PUZ254,ŽUPA UZNESENJA BDM I SV. NIKOLE,JASENOVAC,44324,OBNOVA U RATU SRUŠENE KAPELE SV. FLORIJANA U VIŠNJICI,"  80,000.00 kn ",2020
82.,PUZ266,FRANJEVAČKA PROVINCIJA PRESVETOGOTKUPITELJA - SAMOSTAN,SINJ,21230,"SANACIJA I REKONSTRUKCIJA
ZGRADE ""PRVE FRANJEVAČKE KLASIČNE GIMNAZIJE U SINJU""","  300,000.00 kn ",2020
83.,PUZ267,ŽUPA SV. OBITELJI,,,ADAPTACIJA I UREĐENJE PASTORALNOG CENTRA ŽUPE SV. OBITELJI,"  150,000.00 kn ",2020
84.,PUZ270,ŽUPA POHODA BDM,,,OBNOVA ŽUPNIH PROSTORIJA ŽUPE BDM,"  150,000.00 kn ",2020
85.,PUZ278,ĐAKOVAČKO-OSJEČKA NADBISKUPIJA,ĐAKOVO,31400,GRAĐEVINA JAVNE I DRUŠTVENE DJELATNOSTI DOMA ZA UMIROVLJENE SVEĆENIKE ĐAKOVAČKO-OSJEČKE NADBISKUPIJE,"  300,000.00 kn ",2020
86.,PUZ280,ŽUPA UZNESENJA MARIJINA,,,NUMIZMATIČKA ZBIRKA SV. ŠIME,"  300,000.00 kn ",2020
87.,PUZ281,SPLITSKO-MAKARSKA NADBISKUPIJA,MAKARSKA,21300,GRAĐEVINSKO OBRTNIČKI RADOVI NA OBNOVI I SANACIJI MEĐUKATNIH KONSTRUKCIJA SAMOSTANA ORATORIJANACA SV. FILIPA NERIJA NA K.Č. 3069/1 K.O. MAKARSKA,"  300,000.00 kn ",2020
88.,PUZ283,ŽUPA SV. DUHA,TIJARICA,21240,ADAPTACIJA ŽUPNE CRKVE SV. DUHA U TIJARICI,"  220,000.00 kn ",2020
89.,PUZ289,"OPĆA BOLNICA DR. ""JOSIP BENČEVIĆ''",SLAVONSKI BROD,35000,SANACIJA ODJELA REHABILIATCAIJE I DJELA STARE ZGRADE POLIKLINIKE OPĆE BOLNICE SLAVONSKI BROD,"  300,000.00 kn ",2020
90.,PUZ293,ŽUPA UZNESENJA BLAŽENE DJEVICE MARIJE,PAKRAC,34550,REKONSTRUKCIJA I PRENAMJENA GRAĐEVINE U NOVU NAMJENU- KATOLIĆKI VRTIĆ,"  250,000.00 kn ",2020
91.,PUZ295,ZLATNI CEKIN - POLIKLINIKA ZA REHABILITACIJU DJECE,SLAVONSKI BROD,35000,"SANACIJA PROSTORA ZA REHABILITACIJU DJECE S TEŠKOĆAMA U RAZVOJU ZLATNI CEKIN, SLAVONSKI BROD","  300,000.00 kn ",2020
92.,PUZ299,ŽUPA SVETOG MIHOVILA,LIŠANE,23420,OBNOVA CRKVE SV. JERONIMA U LIŠANIMA OSTROVIČKIM,"  120,000.00 kn ",2020
93.,PUZ303,ŽUPA SV ILIJE,KLJACI,22320,OBNOVA POSTOLJA ZA ZVONA - ZVONIK NA PRESLCU I UREĐENJE INTERIJERA,"  60,000.00 kn ",2020
94.,PUZ307,ŽUPA SV. IVANA KRSTITELJA,DOBRANJE,21244,REKONSTRUKCIJA - SANACIA CRKVE SV. IVANA KRSTITELJA U DOBRANJAMA,"  200,000.00 kn ",2020
95.,PUZ311,ŽUPA BDM KRALJICE MUČENIKA,VUKOVAR,32000,IZGRADNJA PASTORALNOG CENTRA ŽUPE BDM KRALJICE MUČENIKA,"  150,000.00 kn ",2020
96.,PUZ317,ŽUPA SV. ROZALIJE-CRKVA LASLOVO,IVANOVAC,31200,IZGRADNJA KATOLIČKE CEKVE U LASLOVU,"  200,000.00 kn ",2020
97.,PUZ321,ŽUPA SV. PETRA I PAVLA APOSTOLA,OSIJEK,31000,"RJEŠAVANJE PRISTUPAČNOSTI OSOBAMA S POTEŠKOĆAMA U KRETENJU U KONKATEDRALI SV. PETRA I PAVLA , APOSTOLA U OSIJEKU","  200,000.00 kn ",2020
98.,PUZ325,DJEČJI VRTIĆ,MEDULIN,52100,SANACIJA KROVIŠTA I CISTERNE U DJEČJEM VRTIĆU PREMANTURA,"  100,000.00 kn ",2020
99.,PUZ326,"OSNOVNA ŠKOLA ""DR. MATE DEMARINA""",LIŽNJAN,52100,"REKONSTRUKCIJA I OPREMANJE PODRUČNOG ODJELJENJA OSNOVNE ŠKOLE ""DR. MATE DEMARINA"" U NASELJU LIŽNJAN, ISTARSKA ŽUPANIJA","  280,000.00 kn ",2020
100.,PUZ328,ŽUPA SV. ANDRIJA APOSTOLA,MOŠĆENICE,51417,"OBNOVA ŽUPNOG DVORA U ŽUPI SV. ANDRIJE APOSTOLA, MOŠĆENICE","  90,000.00 kn ",2020
101.,PUZ330,PAZINSKI KOLEGIJ - KLASIČNA GIMNAZIJA S PRAVOM JAVNOSTI,PAZIN,52000,"OBNOVA STOLARIEJ U BLAGOVAONICI, VELIKOJ AULI I PROSTORIJI ZA UČENJE PAZINSKOG KOLEGIJA","  120,000.00 kn ",2020
102.,PUZ332,DOMINIKANSKI SAMOSTAN,RIJEKA,51000,KONZERVATORSKO-RESTAURATORSKI RADOVI NA ZIDNIM SLIKAMA U KAPELI BEZGREŠNOG ZAČEĆA U SAMOSTANU SV. JERONIMA U RIJECI,"  180,000.00 kn ",2020
103.,PUZ335,ŽUPA POHODA BLAŽENE DJEVICE MARIJE,SOPOT,49218,OBNOVA KAPELE SV. MIHOVILA U SOPOTU,"  150,000.00 kn ",2020
104.,PUZ336,RKT ŽUPA SVETOG KVIRINA,ZAGREB,10000,"PASTORALNI CENTAR ŽUPE SV. KIRINA, ZAGREB-PANTOVČAK","  300,000.00 kn ",2020
105.,PUZ344,ŽUPA SV.PETRA I PAVLA,KAŠINA,10362,SANACIJA I OBNOVA CRKVE SV. PETRA I PAVLA U KAŠINI (STRADALE U POTRESU),"  200,000.00 kn ",2020
106.,PUZ345,ŽUPA PRESVETOG TROJSTVA,KRAŠIĆ,10454,UREĐENJE SPOMEN DOMA BL. ALOJZIJA STEPINCA,"  300,000.00 kn ",2020
107.,PUZ346,RKT ŽUPA SVETOG IVANA KRSTITELJA - NOVA VES,ZAGREB,10000,"KONSTRUKTIVNA I RESTAURATORSKA SANACIJA RKT SVETOG IVANA KRSTITELJA U NOVOJ VESI, ZAGREB","  150,000.00 kn ",2020
108.,PUZ349,ŽUPA SV. LEOPOLDA MANDIĆA-VOLTINO,ZAGREB,10000,UREĐENJE FASADE NA PASTORALNOM CENTRU,"  200,000.00 kn ",2020
109.,PUZ351,F'RANJEVAČKI SAMOSTAN UZNESENJA BLAŽENE DJEVICE MARIJE,BADIJA,20260,SANACIJA KROVIŠTA I PODKROVLJA ZGRADE SJEMENIŠTA FRANJEVAČKOG SAMOSTANA UZNESENJA BLAŽENE DJEVICE MARIJE FAZA II,"  250,000.00 kn ",2020
110.,PUZ352,FRANJEVAČKI SAMOSTAN HERCEGOVAČKE PROVINCIJE,ZAGREB,10000,RADOVI NA ENERGETSKOJ OBNOVI PROČELJA I KROVOVA CRKVE BEZGRIJEŠNOG ZAČEĆA BDM,"  250,000.00 kn ",2020
111.,PUZ369,ŽUPA UZESENJA BDM,DUSINA,21276,OBNOVA UZNESENJA CRKVE UZNESENJA BDM,"  150,000.00 kn ",2020
112.,PUZ370,ŽUPA SVETOG IVANA KRSTITELJA - ŽUPNI URED,GRAB,21238,SANACIJA KROVIŠTA ŽUPNE CRKVE SVETOG IVANA KRSTITELJA,"  120,000.00 kn ",2020
113.,PUZ371,ŽUPA KARMELSKE GOSPE,BAGALOVIĆ,20350,"SANACIJA I OBNOVA APSIDE U PREZBITERIJU ŽUPNE CRKVE NA BAGALOVIĆIMA, TE RESTAURACIJA 14 SLIKA KRIŽNOG PUTA","  65,000.00 kn ",2020
114.,PUZ372,BISKUPIJA KRK ŽUPA ROĐENJA B.D. MARIJE,POLJE,,REKONSTRUKCIJA PROČELJA ZVONIKA I DIJELA UNUTRAŠNJOSTI,"  150,000.00 kn ",2020
115.,PUZ373,ŽUPA SV. MIHOVILA,,,SANACIJA I OBNOVA GOSPINE CRKVE NA VRLJICI,"  150,000.00 kn ",2020
116.,PUZ377,ŽUPA POKROVA PRESVETE BOGORODICE,KRIČKE,22320,OBNOVA CRKVE POKROVA PRESVETE BOGORODICE U KRIČKAMA,"  200,000.00 kn ",2020
117.,PUZ378,ŽUPA SV.MIHOVILA  ARKANĐELA,PROMINA,22303,POMOĆNA GRAĐEVINA ZA SLUŽBU CRKVE,"  200,000.00 kn ",2020
118.,PUZ380,DUBROVAČKA BISKUPIJA- ŽUPA POMOĆNICE KRŠĆANA,OREBIĆ,20250,UREĐENJE ULAZNOG PROSTORA I PJEVALIŠTA CRKVE POMOĆNICE KRŠĆANA U OREBIĆU,"  100,000.00 kn ",2020
119.,PUZ381,FRANJEVAČKI SAMOSTAN,VUKOVAR,32000,UREĐENJE PERIVOJA SV. FRANJE U FRANJEVAČKOM SAMOSTANU VUKOVAR I POSTAVLJANJE SPOMEN PLOČA ŽRTAVA,"  200,000.00 kn ",2020
120.,PUZ387,ŽUPA SVETOG ANTUNA PADOVANSKOG,DARUVAR,43500,UREĐENJE CRKVE SV. ANTUNA PADOVANSKOG U DARUVARU,"  100,000.00 kn ",2020
121.,PUZ389,RIJEČKA NADBISKUPIJA RKT ŽUPA SV. NIKOLE BISKUPA,KRALJEVICA,51262,SANACIJA KROVA SV. NIKOLE U KRALJEVICI,"  150,000.00 kn ",2020
122.,PUZ391,ŽUPA SV. FILIPA I JAKOVA,POTRAVLJE,21233,UREĐENJE OKOLIŠA OKO CRKVE SV. FILIPA I JAKOVA U POTRAVLJU,"  150,000.00 kn ",2020
123.,PUZ393,ZADARSKA NADBISKUPIJA,ZADAR,23000,"KATOLIČKA OSNOVNA ŠKOLA, ZADAR- BOKANJAC","  300,000.00 kn ",2020
124.,PUZ396,ŽUPA SV. JAKOVA APOSTOLA,GUNJA,32257,SANACIJA KROVIŠTA CRKVE SV. JAKOVA APOSTOLA U GUNJI,"  150,000.00 kn ",2020